Sum of EPEST_HIGH_KG,Column Labels,,,,,,,,,,,,,,,,,,,,,,,,,,,,,,,,,,,,,,,,,,,,,,,,,,,,,,,,,,,,,,,,,,,,,
Row Labels,"2,4-D",ACEPHATE,ACETAMIPRID,ACETOCHLOR,ATRAZINE,AZOXYSTROBIN,BENTAZONE,BENZOVINDIFLUPYR,BOSCALID,BROMACIL,BROMOXYNIL,CARBARYL,CHLORANTRANILIPROLE,CHLORIMURON,CHLORPYRIFOS,CLOTHIANIDIN,CYANTRANILIPROLE,CYPRODINIL,DIAZINON,DICAMBA,DICROTOPHOS,DIFLUBENZURON,DIMETHENAMID,DIMETHENAMID & DIMETHENAMID-P,DIMETHENAMID-P,DIMETHOATE,DIMETHOMORPH,DINOTEFURAN,DIURON,ETHOPROPHOS,ETOXAZOLE,FIPRONIL,FLUOMETURON,FLUOPICOLIDE,GLYPHOSATE,HALOSULFURON,HEXAZINONE,IMAZETHAPYR,IMIDACLOPRID,LINURON,MALATHION,METALAXYL,METCONAZOLE,METHOMYL,METHOXYFENOZIDE,METOLACHLOR,METOLACHLOR & METOLACHLOR-S,METOLACHLOR-S,METRIBUZIN,MYCLOBUTANIL,ORYZALIN,PERMETHRIN,PIPERONYL BUTOXIDE,PROPAZINE,PROPICONAZOLE,PYRACLOSTROBIN,PYRIMETHANIL,SIMAZINE,SULFENTRAZONE,SULFOXAFLOR,TEBUCONAZOLE,TEBUPIRIMPHOS,TEBUTHIURON,TERBUFOS,TETRACONAZOLE,THIAMETHOXAM,THIOBENCARB,TRICLOPYR,TRIFLOXYSTROBIN,Grand Total
101,291449.6,16503.5,785.9,305685.8,385940.8,13818.3,7696.1,1436.9,1678.3,151.6,40774.8,2811.3,2055.4,705.7,24153.5,110.3,120.1,1929.1,4079.4,164339.1,2138.3,487.8,14400.5,57607,43206.6,3880.3,70.3,48.8,4457,,107,21.4,253.2,66,1607676.2,730.3,4929.3,2234.5,3957.1,1970.3,808.4,0.8,1794.4,873.6,2770.1,69091,336477.4,267386.6,18866.9,63.6,1189.5,3368.9,130.4,1309.2,14975.4,12136.4,687,22217.5,22588.5,122.7,7066,771.8,2.5,6538.4,1696.4,898.7,57424.9,14277.8,5035.2,3885037.4
102,5894.3,,,3566.2,5813.2,30.7,108.9,17.7,,,147.1,235.5,,,781.2,,,,,1506.6,,,,310.8,310.8,,,,,,,,,,14176.7,0.7,,0.4,,,,,9.5,,,1065.9,2868,1802.1,18.8,,,,,,45.8,32.6,,,340.3,,53.3,13.7,,,,,,55,41.9,39247.7
103,193021.2,41968.9,515.8,263105.8,343225.7,8199,12429.2,978.6,1673.9,251.8,4162.6,2728,1349.3,545.8,29317.5,163.8,133.4,1244,78.9,124445.9,4112.4,480.8,11994.1,66218.1,54224,1178.1,0.6,46.2,4062.7,,161,,6416,6,1130435,266.6,1000.3,3807.4,3853.6,1577.8,1361.6,30.1,1448.4,3154.2,2004.5,51601.5,283987.2,232386,12615,64.2,855.8,3020.1,0,67.8,8792.1,9315.1,402.2,12752,16359.1,341.3,8935.2,1461.2,1.1,6412.5,579.9,1290.3,,3641.5,3243.7,2985503.4
105,311700.6,19026.1,176.9,286966.4,287789.8,7429,11683.8,893,14938.3,4432.2,59403,3796.9,554.1,481.4,39202.1,77.9,1636.5,571.1,266.6,115311,413.6,1510.3,14622.8,53107.9,38485.1,2023.3,4.5,51.5,18920.4,,23.3,0.1,523.3,18.5,1390269.6,663.6,8354.6,2363,4021.4,2052,1906.2,26.4,2626.2,846.3,3249.6,54972.6,314979.6,260007,20860.8,50.3,1129.3,3233.6,,544.9,20378.8,14134,582.7,23001,23780.2,111.2,6391.7,1553.8,47.7,5664.1,976.6,1642.5,203.1,7455,6192.3,3480313
107,272871.6,135859.1,2925.5,397597.3,591823.3,23407.6,7351.6,1822.6,5056.3,75.4,14068.8,8505.7,9769.6,1230.8,28388.1,848.4,3555.4,7324.9,172.2,230516.3,21679.1,5955.9,18798.6,101983.7,83185.2,6739.2,70.1,1.5,21664.8,,1737,27.1,49952.5,29.5,2230604,1152.2,2527.1,5051.4,19431.3,2488.6,9666.3,63.1,5327.7,2200.9,17564.1,133418.7,619706.4,486287.1,25891.1,1950.9,11417.7,5237.4,2.3,96.9,24152.9,19087.8,2025.7,36692.9,18028.9,2409,11077.7,1202.7,0.9,12475.3,1618.4,7047.9,6079.6,11680.5,11619.8,5800279.9
109,136976.9,3590.4,75.3,422360.5,419511.2,9396.3,6278.2,1257.7,950.3,,6860.1,2549.9,688.9,517.5,27416.5,180.8,18.6,253.3,305.9,106483.7,865.2,108.6,15711.1,62238.1,46527.1,2278.5,40.7,56.3,3013,,,246,1638,19.3,1107435.6,264.9,1410.7,3720.7,4896.1,2667.3,1586.8,26.6,1012.3,1385.1,880.4,52029,411937.3,359908.2,24924.2,76.1,5.2,3053.6,,618,7657.9,11338.4,2819,28772.3,16744.2,182.2,5511.3,1936.8,23,9062.5,1081,945.3,,8242.9,4622.2,3355191
111,225328.3,102412.1,1104.4,314349,443068.6,14519.6,13349.9,1308.6,6401,1865.8,11807.2,6659.8,2204,363.2,35017.1,330.9,2795.2,3659.7,2028.2,161058.7,5093.2,971,13614.5,106448.1,92833.5,7826.1,196.5,68.5,13213.4,,392.4,,3100.1,113.7,1396908.8,510.3,6528.6,4890.8,4790,3813.8,14876,1.7,1877.4,611.8,4536.6,73411.9,418491.7,345079.9,17630.5,707.5,971,3869.9,339.6,163.4,16613.6,13274.8,815.6,20114.2,15680.5,928.4,4367.9,1112.7,11.5,8423.5,854.6,2350.9,47818.4,16453.6,3821.4,4046155.1
113,172220.6,59729.2,255.3,171315.8,348036.6,13610.3,6346,1412.2,1368.5,,11655.1,2786.1,1822.9,599.3,17316.7,67.1,103.6,1246.2,1117.1,129653.5,6114.9,222.6,13506,61681.6,48175.6,1624,58.3,852.9,5150.3,,287.8,0.2,6245.9,3.9,1052175.8,618.6,1014.6,5694.5,4766.4,1635.6,709,25.9,2575.8,446.6,4316.4,61651.3,319211.6,257560.4,18115.5,139,1083.1,1973.3,1.6,672.9,12611.2,9525.9,1698.8,17650.7,8747.4,221.3,11431.5,1383.8,11,4056.9,1031.2,1197.6,25995,7859.7,5740,2928136
115,164912.5,55790.6,442.9,259073.3,260062.8,8853.7,7750,865.7,1399.5,274.7,3852.1,1609.2,830.9,619.8,17062.7,123.9,268.8,724.5,713.1,174962.1,3554.6,329,7911.6,55889.8,47978.3,2115.3,43.4,173.1,10524.2,,64.8,,685.8,3.5,1169307.4,354.9,2119.5,2530.6,1464.6,1327.6,1149.7,64.9,1524.6,183.3,1633.7,61774,246678.9,184905.3,13191.6,56,1453,2092.4,,187.1,6811.8,6703.3,479.6,8024.1,9867.8,74.6,4052.6,948.7,35.9,1920.1,508.2,1968,10266.3,8118.7,4871.1,2846116.1
117,193863.4,104599.7,1845.7,225433.1,350257.2,11244.4,5900.6,1190.6,2327.4,43.9,6801.9,21883.4,3909.8,1159.1,36728.9,74,165.3,6321.7,17.4,140733.6,4449,189.6,9638.4,61791.3,52153,2650.5,204.1,0.2,6711.4,,155.5,21.4,2000.6,36.2,962353.2,743,1402.5,3583.9,9259.9,6692.4,738,928,1370.2,861,3247.3,92160.3,389659.4,297499.5,18492.4,86.6,18.7,2961.5,,669.1,9138.5,9280,3156.2,18781.3,18179.4,158.5,6034.3,815.9,4.1,4963.3,833.2,1344.6,9755.3,2626.5,3655.2,3135955.5
119,206094.9,41282.4,37.3,289427,262355,10793.4,8849.6,869.7,6621.4,245.8,26723.2,11861.5,605.1,485.1,44934.7,257.7,141.6,160.3,195.6,155422.3,2701.1,112.1,9968.6,42531,32562.4,1318.4,3.1,47.4,2905.7,,,0.1,12591.2,3.3,1171921.4,296.4,2777.5,2856.6,1187.5,1815.7,1299.5,0.1,1719.5,6000.2,966.7,54829.1,374086,319257.4,29878.5,35,60.7,1668.8,,608.6,15511.2,10694.7,137.9,20207.3,21105.9,74,15257.9,1508,73.2,18009.3,1324.7,525.7,1647.8,11776.8,4226.7,3265454.3
121,212574.3,34009.9,521,202283,319998,8663.5,7074.1,1142.2,2493.5,,2910.4,1763.6,785.2,580.3,22680.4,157.4,3.6,611.3,615.9,126515.7,1608.5,210.6,10183.1,64533.7,54350.7,3317.6,35.4,7,1551.4,,,,819,19.2,987216.9,751.9,556.2,1900.8,4281.2,2133.9,206.7,26,942.9,911.8,372.3,77191.6,327470,250278.4,17425.8,39.1,38.8,2198.3,,512.8,7405.5,7909.6,295.6,21697.5,13212.1,203.2,6051.8,795.9,10.9,5555.8,350.4,633.2,13285.7,12286.1,2852,2849020.2
123,239500.9,70608.4,181.1,191402.7,339733,8882.3,7383.1,953,1432.2,,4133.4,2907.1,1828.8,877.3,21090.7,91.1,11.6,343.9,,120574.6,7867,34.8,8331.2,59818.5,51487.2,5495.2,41.5,45.2,4046.6,,81.9,,11369,7,980512.1,1151.3,201.6,3010,2108.8,1942,963,59,1745.8,265.3,943.7,80379.8,360068.8,279688.5,17620.6,30.9,20.2,1551.6,,933.4,9598.8,6106.9,336.1,6353,12312.3,751.4,3130.3,663.4,15.8,2827.6,614.1,766.2,7364.1,3061.9,2570.6,2950229.2
125,171514,38691.7,121.9,171541.5,303295.8,7061.2,4320.3,1243.4,730.3,,6506.4,2559.4,493.2,432.7,19904,140.2,32.3,91.1,160.5,119800.2,2629.5,58.9,10048,63566.8,53518.8,4997.9,43.4,42.9,2046,,40.2,21.4,1382.5,2,936639.8,426.6,1603.3,3076,1569.3,1367.2,352.6,10.6,914.8,711.7,756.2,99216.1,298873.9,199657.9,19651,112.8,1.5,1645.4,,219.3,7200.8,4984.3,64.3,10995.6,9056.6,141.8,4490.2,920,31.2,3862.7,690.2,551.1,,10111.3,2668.1,2609612.6
127,108792,70054.7,510.6,354073.2,256806.4,7706,5647.3,1032.3,2724.4,57,1601.7,7909.7,718.3,646.9,18255.8,119.4,168.5,1220.3,195.3,80114.9,797.9,48.2,16384.4,44868.6,28484.2,2006.2,24.5,64.3,9706.2,,39.1,0.1,265,147.9,831647.7,180.8,1667.5,2400.6,2562,3757.3,588.9,1.5,1265.3,2047.2,806.6,52982.6,268865.8,215883.3,14096.1,96.5,74.6,3268.7,,101.1,7855,6080.3,433.8,25051.1,22216.7,46,4866.4,1194.3,0.4,8667.1,1036.7,936.5,,2181,3347.2,2507397.9
129,145647.7,43421.3,13.1,331833.4,293487,8702.6,11653.6,1696.3,6637.5,,4570.9,268.3,351.1,706.7,28450,3.3,0.5,17.4,,125195.3,1098.3,38.5,8192.6,58708.8,50516.2,2289.7,0.1,19.4,1977.8,,9.7,,504.3,2.8,932107.2,181.6,1463.3,2335.4,915,1979.2,217.5,0.2,868.6,218,258.8,51892.5,230222.4,178330,11765,14.6,1,2505.3,,875.9,9998.4,7001,25,14126.8,13844,135.1,4997.7,1056.2,3.7,10441.8,1601.5,632,,20842.1,5490.6,2632361.6
131,142443.1,153997.9,38.2,328922.7,323581.5,11673.9,4669.1,1842.6,48.8,,645.9,434.2,1918.8,1003.9,17813.7,88.6,63.7,20.9,124.6,133919.5,9721.2,139.4,11844,64220.6,52376.9,2543.9,43.9,11.4,7503.2,,34,,2705,6.7,929756.3,83.4,732.1,2542.6,5413.9,1576.8,626.5,26.7,1378.7,381.9,1249.2,50023.7,314628.8,264605,16112.6,14.6,,2435,,48.6,9579.2,9538.3,23.8,23159.8,17040.5,398.7,6219.8,1402.3,2.8,9995.6,982.2,753.2,,5268,2739.8,2953142.2
133,197433.5,77963.8,67.4,273422.7,235185.1,14435.4,3257.8,1449.3,110,,2358.5,1129.2,1962.4,1536.7,23961.6,42.4,4.6,128.4,,153808.6,1671.4,134.4,14071.4,61103.9,47032.6,1086,6.6,10.3,1038.2,,63.5,,970.6,11.4,899146.4,681.9,496.9,3124.7,1890.1,2126.7,875,28.1,916.1,303.1,896.4,83204.8,371436.4,288232.4,43640.1,50.9,11.9,2740.9,,45.4,14847.8,7056.5,18.5,26707.8,14672.7,169.3,4443.7,890.5,1.6,7710.5,859.8,838.5,1870.4,8136.3,3434.1,2906963.9
135,228356.9,38277.4,1.9,188588,455533.7,5649.1,4577.6,1195.2,237.1,,12031.7,1287,630.9,1023.3,19553.4,29.3,0.1,14.3,,179986.9,3080.4,1.7,10013.6,62021.5,52008,6071.4,3.6,3.4,1751.1,,,,14703,9.4,1095428.7,426.7,186.5,3949.3,1142.3,1767.8,485.2,26,909.4,20.5,820.3,147795.1,438027.2,290231.9,29707.8,7.3,,1615.3,,1386.7,7263.3,5354.8,7.6,21461.3,8232.1,62.2,6508,1094.8,0.9,4614.2,1054.3,462.3,695.6,15200.7,3083.7,3375670.7
137,139728.8,47786.2,116.7,249616,264171.4,7849.1,3892.4,847.9,542.5,,3425.5,1699,605.5,858.5,20169.3,21.2,117.4,48.9,,111275.9,86.5,227.8,8089.4,50065.7,41976.3,4701.1,528.1,14.4,1318.3,,,,2973.5,5,864871.1,188.4,840.3,3632.3,1361.7,1882.8,100.4,153.7,909.8,160.6,946.8,91571.8,243127.6,151555.9,23011.2,33.6,,2140.4,,273,6438.4,4528,84,17791.1,8718.5,39,4017.8,795.5,18.7,4897.1,626.1,500.5,184.8,12526.9,2883,2413569.1
139,186770.3,67110.9,579,267577.8,378589.9,9031.3,4548.7,1186.4,2581.4,,5318.1,931.5,516.1,732.4,28482,301.7,2.6,723.5,,108004.4,222.3,79.4,10526.2,42300.8,31774.6,3099.6,2.3,0,1794.3,,537.9,,784.9,3.4,1011552.8,70.7,209.8,1974.4,2817.1,2173,1290.2,32.1,1657.8,4938.5,1365.6,46354.2,283007.5,236653.7,15716.8,51.5,71.3,3175.5,,1487.7,9421.3,9055.2,16,21162.7,11328.9,197.3,5852.2,906.8,,6334.6,622.1,689.6,,2408.8,4138.1,2840847.5
141,178675.1,21287.7,19.7,269484.9,328513.2,8387.6,3641.3,1094.6,1010.5,,6039.4,656.3,630.7,666.9,14884.6,1389.8,10.9,23.4,,86364.5,804.9,93.2,12792.4,46105,33312.6,2540.3,1.6,4.8,2045.9,,33.9,,1528.8,3.4,857272.2,159.3,509,2366.3,1320.8,4519,834.2,608.8,1180.5,0.6,204.7,60785.7,296130.8,235345,12975.7,7,0.3,2323.3,,1151.7,8747.3,6555,274.8,17636.9,12883.5,109.1,4493.3,1792.7,,8873.8,946.3,817.4,,10268.4,4337,2577478.3
143,180518.4,94513.9,52.5,254630.8,242797,13774.1,8179.5,989.6,3859.6,,2939.9,1063.3,1142,1026.6,15013.6,35.5,6.3,47.5,,202956.7,4445.9,6.3,7156.6,91844.6,84687.9,938.5,,3.4,5066.3,,,,25005,40.4,982279.8,497.4,639.5,2852.6,3273.3,2285,813.3,0.1,916.3,234.6,1514.8,61896.5,267687.9,205791.2,25888.9,24,,2573.4,,422.4,12939.3,6616.4,,23467.9,13486.4,1342.1,3062.1,1350.1,,7215.4,1163.6,2092.9,6071.8,1641.8,3653,2886435.5
145,142540.8,24332.3,6.9,210504.3,311491.3,10051.2,9072.2,1337.2,3791.4,,6637,303.3,583.2,776,22243.7,80.5,1.1,5.7,,119128.5,45.1,149.4,6289.4,68993.3,62704,4775.4,,2,809.1,,,,215.2,18.4,939213.7,249.8,760.1,2264.8,1082.2,2371.8,42.9,54.5,1114.9,3239.5,633.7,60061.8,341022.5,280960.8,18070.1,11,,2820.5,,997.8,9591.1,5868.6,35.8,16081.3,9129.9,106.4,4987.2,1031.7,0.6,5829.9,591.9,575.4,5402.3,7086.8,4230.9,2732410.1
147,185513.2,80197.3,14.7,298327,333943,11940.2,6011.2,1351.2,92.1,,3247.9,1857.8,1241.6,1187.4,18772.2,47.7,28.6,38.2,,134554.9,852.7,447,14187.3,58790.9,44603.7,2576.6,,0.8,3792,,,,325.4,29.8,1135859.1,653.8,434.2,3912.4,2284.6,2162.2,501.9,1.4,1674.2,1359.8,2158.3,76451.7,383943.6,307491.6,25911.9,16,,2903.4,,444.8,12817.8,9331.8,10.2,27242.3,19048.2,97.8,5421.4,2074,49.3,7198.2,1454.7,706.2,9314.2,3004.1,4408.7,3254316.2
149,130829.5,29567.9,23,259877.3,281445,6880,8787.5,845.5,2352.9,,2302.4,1419.3,220.9,554.6,25201.4,33.6,7.3,21.1,,77002.2,709.2,7.6,15132.5,54923.9,39791.4,1477.7,,4.5,4530.6,,39.8,,2526.5,2.2,781267.9,50.4,1195.5,2598.1,2160.1,3091,132.1,645.9,652.2,311.9,755.3,46632.8,263644.4,217011.7,15440.6,10.8,1,2592.8,,113.7,6493.7,5191.4,468.2,26513.2,14520.1,476.8,4085.4,2175.6,16.2,9726.3,1486.7,557.4,,1974.2,2995.7,2361506.4
151,210914.8,88903.7,12.4,249128.2,235868.5,11054.7,14584.4,1260.1,1749.2,,9075.4,513.6,1304.2,1148,27083.8,30.1,0.6,27.8,,144959.8,3822,76.8,9231.3,58120,48888.9,2938.4,,1.6,1142.8,,62.6,,834.2,11.7,976301.7,517,885.4,2562.5,2748.7,1611.3,1952.1,1.4,864.1,5347.3,717.9,58915.7,351769.3,292853.2,34329.2,26.2,,2220.7,,619.4,12085.4,4898.4,1.2,15373.6,15364.6,209.9,8398.4,1677.4,0.9,6387.4,987.1,939.8,1191.5,2166.7,3883.3,2930558.3
153,194105,5386.5,44.3,160303,133591.5,4565.1,3493.7,563.6,1759.4,,3982.6,787.6,321,248.9,8048.6,194.3,4.8,24.9,,139571,1690.6,56.1,5138.9,67258.4,62119.5,3564.8,,47.6,19225.9,,148.5,,6971.6,3.2,605661.6,243.2,598,1022.9,757.8,1301.9,1958.6,73.7,562.1,87.7,185.4,67718.3,175835.5,108117.4,6658.4,23.7,,1537.9,,671.5,4662.7,3209.4,68.7,10270.4,6004.7,332.3,3758.5,207.7,9.4,2518.1,315.6,388.4,,1860,2107.8,1831950.2
155,155825.6,65569.4,38.3,245619.2,310605.6,15404.3,7226.5,1392.3,485.1,,6889.5,399.6,1104.5,1209.7,29390.7,64.5,11.5,29.4,,154151.3,4290.5,746.5,10329.3,84634,74304.6,1683.5,4.7,13.5,7907.6,,6.5,,7123.6,4.7,1023914.5,231.7,800.2,3087.5,3602.7,2592.5,834.9,20.1,941.3,12669.8,964.4,66856.4,356125.9,289269.3,16679.8,9.4,0.9,3233.2,,557.5,14889.4,7529.4,15.5,26171.7,16425.1,1146.6,9261.3,916.7,0.5,9357.1,1564.3,1516.6,10633.2,1722.6,4435.9,3074443.9
157,111018.3,71902.5,87.6,189386.8,215367.7,7718.6,22404.8,938,1698.7,,5265,1962.1,1473.5,903,15932.2,201.1,2.1,36.3,,128065.6,7405.7,1.3,12892.5,61582.7,48690.3,2986.8,,126.7,567.6,,36.4,,4168.2,13.6,838182.6,178.2,136.8,2241,2250.3,1989.4,1769.5,26.1,1424.1,143.7,409.6,64914.9,283136.5,218221.6,19132.1,15.7,,2600.9,,198.7,6931.8,5747,23.2,26232.3,13671.6,694.7,4012.3,734.4,,5872.9,564.1,827.7,,3839.1,4357.3,2423315.8
159,130506.3,37912.5,378.3,173820.5,226717.3,5133.1,3612.8,849.1,2327.9,,3840.5,1297.8,402.4,636.9,17744.9,194.8,21.3,491.3,,68552.3,82.2,141,7235,27476.3,20241.3,1343.6,17.1,5.9,1266,,,,97.4,9.9,624574.9,45.4,164.3,1798.2,1235.2,1905.3,889.5,29.3,1423,352.4,604.9,40061,196062.5,156001.7,12288.3,19.9,48,2604.1,,828.4,5250.8,5255.4,13.6,17293.5,9158.4,68.2,3036.1,736.3,1.4,5812.6,604.2,595.6,,2273.8,3616.4,1827008.3
161,93618.6,22383.3,34.6,168009.8,156785.5,7752.3,6684.1,983.7,353.2,,992.3,1188,212.2,360,12107.5,70.6,23.8,32.5,,60462.8,1759.3,125.8,13760.6,39955.1,26194.6,1447.5,1.6,7.3,2392.5,,17.4,,4119,5.8,623992.9,136.1,210.7,2299.5,1071,1488.5,136.6,19.2,537.9,14,197.2,36854.4,198233.1,161379.3,15935.7,26.2,,1717.6,,99.9,5625.3,3342.9,27.3,14142.3,7986.5,225.7,3371.1,1201.6,40.5,5482.3,730.2,533.8,,1964.6,1415.3,1712280.5
163,131348.9,36771.7,24,167727.4,309291,9262.1,2560,1130.7,443.8,,3065.2,1509.3,1299.4,957,28520.7,255.5,0,401.1,16.4,98240.3,5559.2,425.3,5734.4,37547.9,31813.5,2361.7,,182.1,3337.7,,124,,12118.8,68.3,585248.6,281.8,650.3,1955.5,3457.9,1320.5,2106.4,1.9,1342.3,70.6,1091.6,63940,280299.9,216360.2,12358.9,121.3,,2454.1,,1032.9,6771.1,5338.3,34.3,20357.8,7938.1,443.4,3908,537.7,,4362.1,726.1,660.3,192.6,2435.4,2465.4,2122362.7
165,128638.4,5251.2,43.2,183709.1,168878.9,6988,2485,918.1,193.9,,2394.6,840.9,326.8,413.4,15378.1,234.9,2.9,30.7,,116420.3,7207.8,99.6,13809.9,40667.1,26857.2,2052.7,17.1,0,12248,,33.6,,11906.1,0,817049.1,23.7,515.2,1864.8,1791.4,1490.9,322.5,25.9,1077.3,25.8,253.5,52267.4,209784.7,157517.2,11736.2,19.1,,1394.1,,1227.2,5786.9,3825.8,15.8,25377.9,6330,82.4,2638,1019.9,0.4,6192.8,691.4,1732.3,,1467.6,2179.4,2063774.1
167,91183,16103.2,14,226818.8,198074.1,7329,3526.4,688,536.7,,7897.6,1944.4,527.6,444.7,19383.8,109.2,,12.5,,85773.5,3426.7,134.4,13220.3,48118.5,34898.2,998.4,,0.5,1171.9,,,,5889,0.6,661914.7,13,61.2,2401.9,1637.1,1917.3,1290.1,,990.7,4,961.2,36371,223827,187456.1,12155.9,12.6,,2084.6,,751.2,6809.8,7104.7,7,27861.2,16679.5,211.6,4661.2,1538.5,32.6,9342.6,1192.7,682.1,,4252,2587.2,1985037.3
169,88572.5,77546.6,19.8,221135.8,206706.3,6226.3,2290.3,999.2,6.3,,2281.6,790.9,171,455.5,10345,8.7,4.8,36.3,,77305.2,2155.2,2.1,12713.4,34923.5,22210.1,2400.3,,1,1114,,37.3,,,5.6,621773,25.2,556.8,1876.7,677.8,1165.6,2154.2,8.2,1102.9,49.9,189.3,23684.4,172106.9,148422.7,9761.5,24.6,0.4,2255.1,,488,6509.6,4116.7,0.1,11322.8,9182.2,42.1,1873.7,728.1,1.5,4851.4,290.4,418.1,,1874,2424,1800422.5
171,95361.4,973.9,36.1,236487.8,308629,4665.6,4453.4,699.8,3107.2,,2556.3,1148.4,214,361.8,14734.5,3.5,4.7,21,,83804.4,,4.8,11902.1,36332.9,24430.8,2208.1,,2.1,44.9,,46.5,,,12.5,576467.6,93.2,25.8,1815.9,678.1,1531.1,165,0.7,655.2,35.8,345,42773.2,145235.6,102462.7,10503,15.2,,2214.5,,1045.4,5100.4,3792.3,0.3,20099.9,8299.7,103.3,3367.9,437.2,1.9,5339.1,393.8,326.2,,1697.4,3434,1770703.9
173,109870.2,53028.7,19.9,246618.9,305196.9,7528.6,3166.3,1004.1,451.5,,4096.1,602.8,116,416.5,23881.2,41.6,6,17.3,,137640.3,2734.3,17,15343.8,51569.4,36225.7,669.8,,20.6,5956.6,,2.6,,649.1,8.1,925011.9,10.1,508.1,2495,1265.7,2075.5,33.2,,739.6,14293.6,567.5,45662,287153.4,241491.8,18269.1,24.6,,2541.1,,428.1,7171.9,5122.6,31.7,25994.5,12778.2,158.4,3370.6,764.9,2.8,5792.9,754.8,1054.1,,1279.4,3206.7,2616953.7
175,86242.6,44387.1,9,159278.9,210942,5601.3,8614.6,922.6,41.2,,1536.1,813.2,1202.6,585.7,24005.8,4.2,7,6.7,,70191.4,4931.3,76.8,6298.3,32304.6,26006.3,1587.1,,6.5,3652.8,,,,6077.6,16.8,466869.8,23.4,870.8,1420.3,2704,970,353,2.3,662.7,1273.3,877.1,31290.3,153069.1,121778.9,9557,20.1,,1301.4,,449.8,5380.5,3941.8,0.2,11912.6,4848.6,84.5,3802.5,573.5,7.8,2309.3,497.2,229.9,,1069,1437.4,1524938.2
177,110445.4,22823.5,17.6,138221.3,227975.3,5935.1,2251.5,676,2.8,,189,900.3,235,580.4,9724.3,10,5.1,10.4,,53768.3,4752,35.1,8484,34744.3,26260.3,437.7,0.3,3.7,4605.1,,41.1,,923.7,18.8,549788,63.3,37.6,1366.7,1987.8,1031.2,998.4,18,737.9,213,967.9,40216.5,220554.6,180337.8,7222.1,8.2,,1673.8,,14.9,5014.5,5141.3,8,12904.6,7622.3,401.1,3353.1,628,1.2,7847.5,637,436.9,,1357,1713.3,1708380.9
179,130388.3,9429.9,4.5,155524.1,269536.9,5680.7,2091.6,728,15.3,,1998.6,976.4,309.8,570.3,9761.2,0.3,5.2,16.4,,104938.9,67.6,389.9,10475.4,59749.4,49273.9,3513.4,,5.6,3101.4,,55.5,,77,1.5,647916.6,140.3,517.6,1816.9,1045.4,1838.6,258.3,,1160.2,,960.5,69945.8,215384.3,145438.5,8934.2,69.3,,2047.3,,404.2,5950.2,7507.5,20.5,11401.7,9798.4,61.4,2724.5,487,44.2,3715.3,1032.8,228.8,,933.6,2164.8,1962635.7
181,132310.3,33386.1,2,156582.9,188846.7,4376.2,1910.1,666.6,11,,2166.7,53.7,291.1,306.3,9462.5,0,0,10.3,,89611.7,193.6,4.5,6271.2,51692.3,45421.1,5827.5,,1.7,498,,,,87.9,13.9,541655.9,266.3,493.1,882.3,540.7,824.8,38.3,,1160.7,588.2,417,94014.3,174344.8,80330.5,8253.6,3,0,1242.9,,557.6,4943.9,4962.9,,6049.7,3832.5,44.2,2593.8,542.4,10.5,4833.2,177.3,141.1,1645.3,1201.3,1700.9,1668298.9
183,107987.2,44898.4,1.9,240137.9,313774.7,7114.1,3137.6,1256,15.2,,3410.8,937.1,515.1,753.4,10093.7,1.5,2.3,37.3,,118868.3,756.5,90.9,12668.5,51680.4,39012,1728.6,,9.5,670,,30.5,,370.4,44.5,725857.6,35.7,107.6,1858.1,1358.1,1032.8,52.3,,2138.2,187.5,1457.5,46348.5,220907.6,174558.8,15151.8,28,,2530.4,,715,8929.2,8785.9,1,18749.4,12917.8,80.5,4394.9,472.1,,2352.2,590.1,452.7,,721,2530.8,2215307.4
185,85549.8,23403.1,87.4,106535.1,209509.4,7109.9,1187.2,831.7,5.1,,3237,501.7,248.3,289.1,16662.3,6,181.8,27.3,,46094.4,1055.2,125.3,4161.2,15617.3,11456.2,887.4,,16.1,2218.5,,,,729.3,36.7,370874.9,1.3,416.9,757.6,944.2,846.2,336.6,,323.6,6236.7,798.9,37693.7,207054.9,169361.7,4745.3,21.5,,929.1,,463.3,5433.4,2299,25.8,14478.2,5806.4,270.6,2497.8,353.9,3.1,3501.7,341.1,218.3,,2081.2,2060.9,1378947.6
186,1929.9,39.9,,3437.7,5061.5,107.8,60.9,8.8,0.1,,51.2,51.5,17.3,10.2,854.6,,,,,1008.9,,,70.8,610.6,539.9,,,,,,,,,,12675.7,0.1,,84.8,10.1,72,,,35.6,,19.4,339.3,2258.6,1919.3,112,0.2,,89.6,,,89.8,151.1,,483.5,182.6,,78.9,6.4,,73.6,14.8,16.3,,316.8,40.4,32932.5
187,89511.2,6964.5,26.3,221078,261364.8,4007.9,1769.4,576.9,21.2,,2378.6,1436.9,386.1,194.1,30096.9,11.7,0.8,20.7,,75468.3,1034.1,4.6,12918.8,32742.7,19823.7,1355.4,,,904.1,,49.9,,346.9,1.1,582679.6,1,48.8,1543.5,1336,658.7,169.4,,770,485.7,1290.5,27983.6,128543.8,100560.1,5805.7,6.2,,1473.9,,965.6,5757.2,4686.7,,11315.8,3848.8,91.8,3940.6,309.2,,3779.7,229.2,139,,931.2,2393.1,1656240
189,115039.2,9809.1,3.1,207430.8,231690.6,6769.3,1038.5,786.3,15.5,,4170.8,196.3,236.2,463.8,31828,3.3,0.1,29.5,,148485.7,160.4,1.4,4840,64630.2,59790.1,1019.4,,0,24541.8,,80.6,,159,0.3,632584.1,2.3,128.6,892.3,472.7,1105.9,341.9,,612.7,1774.1,261.3,39900,243130.2,203230,12237.2,6,,924.5,,601.9,5570.8,2983.3,0.1,16017.7,5060.9,397.4,4000.2,446.2,,2410.5,303.6,466.2,,1885.9,1936.8,2092904.6
191,104168.4,94255.9,9,110238.2,163228.3,6675.3,980.3,681.8,87.8,,4183.5,132.7,449.9,440.1,22558.7,1,0,90.2,,91749.7,3620,373.4,6300.3,21690.7,15390.3,702.1,,11.1,3269.8,,24.9,,4.1,45.4,563899.4,11.6,379.2,888.8,3260,751.8,66.1,0.3,763.1,24086.9,1065.7,38092.5,221707.4,183614.8,6198.2,13.8,,1592,,480.7,7172.2,3772.6,0.1,12995.3,6444.2,126.4,3400.9,378.4,,2679,401.8,540.4,,1002.7,2889.9,1740039.1
193,132154.7,25485,41.9,178269.8,156688.6,9402.2,3554.2,1617.4,0.4,,1496.4,1059.9,545,290.9,19491.1,0.2,4,26.1,,89467.6,16795.7,25.5,10693,51713.1,41020.1,4746.7,,2.1,15108.7,,,,279.6,3.5,525645.6,214.4,135.9,588.7,3490.8,860.5,724.7,,714,32.8,164,88291.2,202648,114356.9,7001.3,6,,918.5,,660.5,8090.1,3361.9,0.1,17471.1,4664.9,385.2,4849,544.7,,5340.9,591.4,179.9,,1178.1,2478.5,1755573
195,99986.8,7464,8.2,142727.1,242938.8,3866.3,1854.7,624.2,11.9,,3990.2,1626.5,331.1,338.9,20565.6,6.6,,44.1,,60602.8,345.7,234,8245.2,46228.2,37983,1940.2,4.7,30.9,4771.1,,335,,4.4,57,511220.6,126.5,293.5,1186.3,935.8,786.7,215.1,,816.8,741.2,648.7,28142.9,176014.9,147872,5838.1,4.1,,1389.6,,1104.1,3426.7,6729.7,0.1,14109.8,4339.1,74.1,1891.3,963.6,49.8,3906.1,334.9,265.2,,1787.1,1667.8,1604049.4
197,33708.5,19384.6,7.5,139019.6,122855.2,3206,2010,512.3,0.1,,926.6,475.5,167,283,7307.1,2.2,,10,,31797.5,1887.7,16.6,6843.4,18004.1,11160.7,318.6,4.2,0,1425.6,,1.9,,17.3,11.7,361264.5,37.2,230,836.4,544.7,608.6,176.6,,679.1,4.2,224.8,18885.3,130867.3,111981.8,4747.6,8,,1183.5,,30.7,3582.8,3582.9,0.4,8684.3,4949.3,46.9,2651.9,917.4,1.3,4403.7,430.8,238.4,,1452.6,1305,1065922.5
199,39738.8,409.5,4.1,75058.1,163510.8,2906.2,741.4,253.4,0.7,,882.9,444.7,89.2,652.7,9293.3,0.2,5.2,5.3,,34159.2,,5.8,822.3,8702.8,7880.6,1123,,25.8,67.7,,,,,2.9,183442.5,34.2,44.9,813.1,217.1,445.2,33.2,,125.5,4,195.7,16253.5,61442.6,45189.2,6910.2,6.1,,533.9,,561.5,1764.1,1021.7,1.9,5007.5,1794.9,61.8,1444.5,23.6,15.9,744.5,81,92,,1099.2,595.5,676787.1
201,58102,71709.8,6.1,69787.2,95731.3,5302.8,1653.7,1157.5,0.4,,2128.3,44.4,547.1,558.8,10102.2,6.1,3.2,2.4,,84456.7,5915.9,53.5,3524,32182.3,28658.2,1310.8,1.6,2.5,5055.6,,16.4,,1825.5,,341302.4,69,138.4,743.6,1899.5,408.7,103,18,505.7,9.9,42.4,23924.3,108292.5,84368.3,9504.2,1,,687.9,,316.8,4634.5,2700,7.7,7248.8,7127.1,478.1,5680.5,274.2,,6188.3,332.9,581.8,1279,2587.5,1046.7,1092349
203,56994.6,635.2,0.6,75319.7,194794.4,2809.4,1118.2,435.7,0.2,,1964.2,77.4,62.6,124.4,4766.6,0.2,,0.5,,49432.7,9.3,,2857,14518.3,11661.4,1572.6,,,68.6,,,,39.6,,256264,30.8,1.2,1065.5,309.1,198,,,249.1,,311.2,12225.3,81234.7,69009.5,4986.9,7.1,,212,,672.2,2135.6,2171.5,,2574.9,2008.8,90.2,1493.5,241.4,,282.8,110,104.6,,280,800,858333.3
205,34532.8,43596.7,6.8,56014.3,121576.1,7151.1,1561,1349.8,,,3457.9,1074.9,1007.9,128.3,17197.9,1.9,2.9,8.3,,48472.8,10833.8,77.2,478.2,20507.3,20029.1,1323.4,,2.1,11128.2,,368.4,,2067.8,4,223765.9,0.2,648.8,1852.3,4186.8,347.7,2025.3,,609.5,872,392.7,13018.9,70912.6,57893.4,6065.7,3.8,,496.2,,201.7,3438.7,2270,5.9,3348.2,2306.7,805.5,7332.4,11.5,,6013.6,673.3,575.9,,1389.2,1746.8,817172.1
207,55366.4,43192.3,28.3,45741.6,52600.4,7116.5,883.4,278.5,0.6,,974.7,32.7,271,191.2,4804.5,,5.2,0.1,,98719.4,2452.6,2.7,1766.5,56998.1,55231.6,142.3,,0,1984.1,,,,7486.2,0,321110.3,190.2,239.4,1132.4,2194.7,603.9,27.5,,195.4,,13.5,19843.1,63069.5,43226.2,10377.7,0.4,,564.4,,243,11239,2151.9,,6703.3,1822.1,1160.8,1098.8,139.7,,718.7,186.3,1862.6,10729.9,2164.4,850.8,940130.8
209,14889.5,2760.4,3.3,5384,6718.8,523.7,365.4,26.5,,,16.5,307.1,71.6,17.1,1122.2,6.3,4,3.1,,2817,673.5,17.7,13.2,845.6,832.4,119.6,,,663.2,,,,2224.8,0.6,19564.4,0.9,114.8,27.2,220.5,,1112.7,,11.5,23.1,47.2,1439.6,6306.7,4867.3,84.3,6.3,,89.2,,27.7,236.8,139.7,,239.6,217.9,66.5,484.6,,0.1,20.4,52.2,17.9,,1013,47.7,76906.9
211,16729.1,382.6,3.5,8421.4,14237.2,785.5,161,52.9,,,60.4,350.8,32.8,131.9,1229.1,,4.4,2.3,,7130.2,246.3,9.4,463.4,3682.8,3219.3,8.8,,0,496.5,,1.8,,1060.8,0.6,66115.1,0.6,417.1,189.5,153.6,114.1,98.1,,49.3,,19.6,5957.6,21521,15563.6,1137.5,6,,229.2,,,336.2,253.8,,1984,1034.2,5.5,294.2,28.4,2.3,176.7,56.8,45,,1964,144.8,176802.6
213,25590.6,95.3,0.4,5370,32689.5,1056.5,201,219.4,0.2,,613,13.4,19,79.1,633.5,,3.6,,,7726.4,,,958,3047.3,2089.3,20.9,,,26.8,,,,,,81196.9,0.1,,39.7,52.5,142.4,,,87.3,,2.5,3930,33995.3,30065.3,328.2,0.3,,115.2,,,1792.3,708.9,,589.8,625.1,,1180.5,75.4,,387.1,70,70.2,,634.8,711.6,237254.6
215,37302.1,2224.7,0.4,8917.3,10041.7,221.3,,6.1,,,714.2,23.9,9.3,9.3,682.1,,,1.1,251.5,5078,3237.7,,2.8,3355.6,3352.8,867.6,,2.1,522,,,,1619.1,2.6,78791.1,0.2,4,46.9,438.7,,,,4.5,1689.3,11.2,7828.9,31373.6,23544.7,137,2.7,,99.5,,,64,40.1,,198,97.3,1265.1,98.8,,,,12,236,,643.3,31.9,225104.1
217,43922.5,8193.3,0.7,35337.5,51961.9,928.4,445.4,86.6,,,621.3,112.5,29.8,100.7,4090.5,,0.3,2.1,,17253.6,166.1,2.3,645.8,7382.2,6736.4,1128.1,,0,396.3,,,,560.5,0.2,200502.1,0.3,92.5,188.9,1653.8,315.6,262.8,,422.1,51.3,15.8,15044.1,60554.3,45510.1,610.8,0.9,,221.4,,86.6,739.7,1641.5,,5013.4,2032.3,167.4,793.9,130.9,2.5,677.2,151,91.5,,1135.4,619.8,518834.9
219,48774.6,1610.5,0.6,34228.1,56658,1512.6,376.5,322,3.2,,1461,135.2,100,96.1,2138.2,,11.6,0.5,,68517.1,4583.4,,1304.4,8266,6961.6,406.9,,,11225,,110.5,,159,0.1,421500.5,2.2,113.1,218,137.7,267,,,196.4,,35.7,9719,58096.2,48377,581.2,5.1,,272.5,,170.5,2393.7,1216.9,,1554.5,1229.7,23.1,1592.2,104.6,,619.2,112.6,1595.8,,295.4,995.7,800388.2
221,17998.3,465.7,0.6,2094.4,25225.5,675.9,115.8,116.9,0.9,,369.1,183,55.1,86.7,966.2,,8.2,27.9,,8519.5,,5.1,578.4,1935.8,1357.3,25,,0,103.6,,,,,0,55228.1,0.5,134.4,34.8,134.2,117.6,256,,221.2,,18.8,5461.9,22712,17250.1,902.5,1.5,,95.9,,,1852,658.3,,2186.6,214.3,5.7,462.5,45.7,38.8,246.4,37.2,66.4,,1353,672.8,171324.1
223,13400,161.2,1,2289.8,3322.8,300.9,,12.3,,,7.8,20.2,34,17,183.5,,,0.5,,4461.2,4.5,,58.3,637.3,579,68.9,,,24.7,,,,19.1,,15974,0.1,,106.6,99.9,,0.6,,9.5,,6.2,729,5861.8,5133,183.4,16.3,,56.6,,,181,140,,597,134.4,14,140,,,,9.9,20.5,,532.7,85.7,55636.2
225,34576.8,542.2,,10066.4,61160.6,3274.1,250.4,384.8,0.7,,167.1,900.7,66.6,91.7,5300.8,,0,1,,6224.1,527.6,13,1825.5,5480.3,3654.9,0.2,,0,2407.4,,,,2279.1,0.6,122958.4,0.4,,51.8,1291.9,177.5,12774,,88.9,,329.6,5017,52807.3,47790.4,487.6,0.8,,339.3,,,4092.5,809.6,,1121,718.9,298.9,657.1,143.4,,745.5,569.9,77.1,,700.8,616.7,393862.9
227,33150.3,270,1.2,12354.3,19406.5,424.8,102.2,69,,,53.4,24.6,12.7,89.3,1230.7,,,0.4,,19215.8,922.5,,282.6,1937.1,1654.5,13.6,,0,2338.2,,,,,0,134810.4,0.2,292.4,158.9,125.2,72.5,,,50.9,,0.6,5559.9,20790.3,15230.2,692,5.9,,201.3,,9.1,551,559.4,,2224.6,1318.3,3.8,392.3,37.2,0.7,115,67.7,349.9,,479.4,288.9,277941.7
229,25853.5,594.4,0.6,3897.8,1474.8,819.2,286.7,91.9,3.5,,5.2,324.8,48.4,21.6,1542.9,168.4,,2.4,,4585.5,1129.2,66.3,9,542.3,533.3,7.4,,,1680.8,,,,199.9,12.5,24503.3,0.1,,887.8,945.2,,1750.9,,6,,178.9,609.2,6018.6,5409.4,130,0.2,,142.5,,2.7,153.8,208.5,,261.4,109,49.9,962,,,148.4,74.3,53.8,,552.6,196.3,87257.1
231,16733.6,8973.5,2,2890.4,8185.7,1130.6,,12.2,,,44.5,60.2,2.5,277,457.2,0.1,4.2,0.5,,4128.3,36.3,4.9,,1413.6,1413.6,129.6,,2.1,180.1,,,,112.8,2.1,38778.5,0,119.4,74.2,455.7,,15.4,,9.4,1961.6,23.4,2012.4,7352.5,5340.1,2183.8,0.2,,42.3,,6.3,419.9,109.2,,259.7,262.2,47.6,194.7,,,31.6,15.7,24.5,,120.5,85.8,106144.2
233,25888.3,888.8,0.2,15106.4,54167.9,1147.4,187.1,263.1,0,,1313.1,4.3,11.6,66.5,997.2,,1.2,,,18226.7,403.9,,1059.9,11611.3,10551.5,445.4,,,3575.4,,114.6,,171.1,,125963.8,0,911.9,36.2,151.6,132.6,,,123.4,,5.8,5088,48750.9,43662.9,343,15.3,,114.3,,102.8,1645.9,679,,611.8,541,51.8,215.6,83.8,,430.1,67.6,85.4,,1612.2,292.8,377922.4
235,4834.1,2975.9,1.1,15141.8,3248.6,1452.1,1633.7,76.6,,,88.7,212.7,161.6,4.4,2786.3,0.2,1.2,1.2,,3403.3,3502.4,41.7,,515.2,515.2,16.3,,2.1,3428,,,,14813,2.6,21134.9,0,,17.3,485.3,,2019.3,,0.8,27.1,89.6,1597.8,7587.4,5989.8,12.5,0.9,,20.2,,16.5,305.2,374.5,,107.7,9.1,49.5,1928.5,,,15.4,76.8,14.7,,282.3,63.3,101086.4
237,7828.6,48.1,1.1,307.7,1594.5,51.2,1.6,1.4,,,20.8,63.8,4.3,1.3,345.3,0.2,1.2,0.5,,716.6,36.8,2.1,,51.8,51.8,25.1,,,144.1,,,,159,,1776.1,0,355.4,3.5,42,,259.7,,0.4,,11.4,168.7,469.9,301.4,2.9,0.6,,14.6,,8,72.8,7,,139,9.9,6.1,17.6,,,32,10.5,0.6,,609.6,20.1,15798.7
239,17148.2,18764.4,27.9,12566.1,18656,455.8,34.3,11.4,,,20.8,11.2,1465.8,3.6,102.4,266.4,0.1,2.4,,16345.2,9806.6,0.6,,3952.3,3952.3,61,,215.7,191.3,,,,4285.9,0,132298.6,93.6,3.1,166.4,2241.4,,,,1.7,47.1,3.7,5628.7,41513.7,35885,80.1,0.3,,23.1,,,174.4,24.9,,91.7,49.6,818.3,77.5,,,0.4,7.1,228.4,,1907.7,105.8,329820
241,1130.9,,0.6,12.8,130.7,12.3,,,,,,22.7,1,,49.8,,,27.8,,105.7,,,,0.9,0.9,,,0,77.9,,,,,0.4,653.1,0.3,,,0.1,,,,0.6,,8.6,13.4,131.2,117.9,,0,,0.1,,,,4.3,,12.8,,,2.4,,4.2,3.1,,,,159.9,0.6,2687
243,4319.1,1002.7,,6447.5,11239.6,1106.8,270,264.5,12,,,47.2,132.7,9.1,2123.9,,,1.9,,5225.8,3328.2,79.2,,2915.6,2915.6,4.9,,,2819,,,,635.4,,23982,0.3,12.3,68.4,789.2,,145.1,,64.1,,89.9,446.2,7333,6886.9,42.1,,,76.9,,,318.9,417.8,,844.7,51.2,246.8,1664.9,,,3255.7,121.7,175.5,,647.9,109.6,92691.8
245,12921.1,,,38.5,482.1,473.4,40.8,,,,6.1,38.1,1.4,2.6,31.5,,,0.1,,1615.1,,1.4,,47.4,47.4,17.8,,345.7,,,,,,0,17525.6,149.5,,236.6,2.1,,34.9,,0.9,0.2,7.1,59.7,5799.3,5739.5,2.5,0.1,,3.3,,,244.9,7.8,,19.8,3,1.9,16,,,6,1.4,0,,2235.6,149.8,48358
247,2511.3,,0.5,1.3,33.1,34.3,,0.6,,,,11.7,,,62.1,,1.2,,,192.9,,0.6,,,,0,,,29.6,,,,,,1496.9,,,,23,,252,,0,,7.5,1.4,2.3,1,,,,,,,32.1,0,,1.3,,5.7,4.4,,,0.3,9.1,0.5,,276.5,4.5,4997.7
249,30046.5,1035.4,8.6,11568.2,25553.8,700,726,230.4,,,484.7,55.3,92.3,1.7,2290.8,,,0.7,,2634,1773.5,5.5,,4630.5,4630.5,574.7,,,661.7,,,,291.7,0.6,74881,,5.1,3.3,367.6,,33.2,,2.4,1118.1,9.3,3827,16717.9,12890.9,3.1,0.6,,6.4,,,120.4,44.1,,78.8,3.7,202,419.2,,,125.6,21.2,84.8,,74.8,58.2,199095.8
251,14168,4279.3,,7890.3,11284.2,1214.9,39.1,108.8,,,67.2,394.8,289.4,30.1,3325.7,335.5,,0.7,,13413.1,4452.8,48,,1190.7,1190.7,282.3,,,1305.5,,,,17105.4,2,49316.1,0.3,83.8,39.8,1386.5,,1678.6,,48.2,591.4,78.5,3458.7,8698.6,5239.9,195.8,0.6,,37.9,,50.1,377.3,552.5,,673.8,82.3,48,782.4,,,202.7,12.3,84.4,,281.1,138.1,156558.2
253,14421.9,2076.9,,10947.1,12276.9,1750.7,687,650.4,12,,251.7,17.3,283.7,3.2,3924,,,1.9,,16811.1,7810.9,57.6,,5239.3,5239.3,43.3,,,4645,,,,1048.9,,94583,0.3,179.3,46.9,2225.8,,49.1,,79.3,7.2,38.3,1498.5,11393.2,9894.6,22.6,,,29.1,,81.9,1729.2,800,,1044,17.8,319.7,3335,,,4047.8,190.5,593.9,,311,108.1,220826.2
255,10468.9,941.6,4.1,3352.1,9226,99.1,,3,,,69.5,159.8,72.1,2.8,290.4,11.3,5.2,2,,1303.4,304.2,8.3,,1687.7,1687.7,303.6,,0,87.6,,,,79.8,0,21687.4,0.3,29.5,2.7,153.3,,33.2,,14.4,85.1,34.5,1322.6,4435.8,3113.3,5,0,,15.4,,102.2,144.3,45.7,,,6.1,85.8,72.4,,,,12.1,25.2,,103.8,73.7,61774
257,13771,7764.9,0.6,1510.4,1337.8,580.7,,2.9,,,48.4,26.8,1,11.1,385.5,,,0.4,,1848.6,9.7,,,501.9,501.9,190.8,,0.4,144.9,,,,30.1,1.3,16653.3,0.3,106.8,43.6,128,,11.2,,11,2088.6,1.9,987,2997.9,2010.9,617.8,0,,10.5,,11.1,111.8,80.2,,14.7,185.2,12.6,94.6,,18.2,3.5,,8.6,,363,50.2,55293.6
259,3299.3,273.2,0.5,529.6,1761.6,175.7,36.3,36.9,12,,103.2,20.1,15.2,0.3,282.4,,1.2,2.5,,584.9,168,2.5,,384.3,384.3,34.2,,2.1,168.8,,,,32.1,2.4,2799.5,0.3,4.6,3.8,109.9,,49.4,,1.9,18.3,22.3,291.4,1095.3,804.1,6.4,0.4,,1,,11.1,147.7,44,,19.8,4.7,23.2,213.9,,,76.5,18.5,6.5,,183.1,43.7,14314.9
261,7176.8,2202,2.3,11290.2,12921.4,1886.9,651.6,638.7,,,,24.8,285.4,6.2,4019.7,,5.2,2.6,,4906,6577.7,80.7,,5762.1,5762.1,7.3,,2.1,5427.1,,,,1255.7,2.6,34784,0.3,14.9,47.3,1489.2,,48.9,,95.9,0.2,77.6,794.5,10709.7,9915.2,28.4,0.6,,52.6,,,249.9,769.4,,1262.3,34.5,327.4,3443.4,,,4866,194.5,277.3,,787.3,116.1,141284.6
263,7782.6,33.8,,74,835.4,61.7,,0.1,,,53.3,25.1,1.1,,124.1,,,2,,1144.9,106.1,,,57.1,57.1,9.7,,,88.6,,,,,0,5160.2,0.3,434.1,,63.9,,33.2,,1.4,,5,93.5,280.7,187.1,0.7,0,,0.1,,11.1,94.2,27.4,,45,0.3,11.6,243.7,,,71.8,9.1,3.2,,372.4,73.3,17680
265,3655.4,,1.7,,272.3,61.8,,3,,,46.1,37.7,0.9,,94.7,,4,2.6,,498.3,,2.1,,,,22.1,,2.1,34.1,,,,,2.6,952.7,0.3,3.1,1.7,29.8,,252.4,,,,25,,1.1,1.1,0.7,0.6,,1.3,,,144.8,5.1,,,,5.7,9.5,,,,9.1,0.9,,272,25,6483.4
267,4269,418.3,1.8,1745,306.4,818.2,191.5,58.9,59.4,,,930.8,32.1,23.9,891.4,137,4.2,34.6,,1723.1,709.1,62.3,,,,2.3,,,1327.9,,,,,2.3,9580.4,,,,949.9,,3258.3,,0.8,,304.2,,3067.7,3067.7,2.2,,,46,,,143.9,116.5,,,4.5,80.2,901.6,,,119.9,117.7,4.1,,472.1,313.6,36300.8
269,6924.2,273.6,,3740.5,1278.6,569.2,557,176.9,,,46.1,451.3,69.9,16.2,1771.2,,,1.9,,1842.2,326.4,34.7,,299.5,299.5,0.7,,,253.2,,,,3.9,,5985.5,0.3,348.2,7.8,85.2,,9.3,,3.7,,32,154,1775.7,1621.6,30.3,,,54.2,,,104.4,80.5,,123.4,36,7.8,517.8,,,196.7,27.9,40.4,,298.3,41.2,30518.9
271,1758.6,215.5,,2734.1,588.8,359.5,130.7,32.8,3.3,,,97,21.8,0.5,774.8,,,3.5,,2227.1,618,13.1,,13.5,13.5,0.6,,2.1,825.7,,,,389.8,2.8,7281.4,0.3,,5.4,240.7,,106.4,,0.2,1.8,78.5,76.1,1403.2,1327.1,4.7,0.6,,5.3,,,62.1,50.2,5.9,60.6,3,87.6,403.9,,,102.8,62,31.7,,298.2,13.6,22540.4
273,20847.7,2095.4,19.6,15119.6,24870.2,1293.2,273.3,268.7,,,340.8,80.7,587.1,4.1,3168.6,77.9,,0.7,,5267.7,6573.6,43.3,,6064.3,6064.3,372.8,,,7209,,,,2055.4,0.6,111020.7,,3.9,21.2,1704.9,,247.9,,95.9,13.9,51.4,1953.6,41739.3,39785.6,18.8,0.6,,35.1,,,312.4,482,,1262.3,22.8,705.6,1710.7,,,4865.2,128,908.1,,2354.2,167.2,312309.9
275,13686.7,1700.6,,10049.3,5192.3,1363.3,400.2,389.1,,,552.6,28.3,197.8,3.6,2549.3,,,2.6,,10758.2,7047.2,46.6,,5681.4,5681.4,15.3,,,5239.2,,,,1206.8,1.8,107998.3,0.3,238.2,28.9,1459.1,,50.4,,18,7.2,38.8,607,8855.7,8248.9,36.3,0.6,,31.2,,36.1,4201,571.7,,237.3,29.5,342.4,2084.9,,,938.4,122.5,369.4,,509.7,60,208915.4
277,14668.4,8025,28.3,14746.3,3822.5,1561.8,665.2,202.2,225.1,,47,1043.4,135.9,7.8,2100.6,,64.5,190.4,,9771.7,2320.6,92.7,,1090.1,1090.1,318.9,,2.1,3228.8,,,,1680.1,6.9,56349.8,17.2,134.4,57.1,977.3,,145.5,,24.3,1399.4,175.6,2001.9,12786.3,10784.5,416,2,,22,,11.1,264.3,488.7,5.9,223.2,134.4,310.6,1556.1,,,379.7,147.1,108.2,,284.3,105.8,156449.1
279,24476.2,947.1,0.1,14306.6,14557.5,515.3,520.3,137.7,3.3,,1250.4,544.4,39.2,21.8,1124.9,85.9,0.2,1.9,,36907.3,2717.7,63.7,,3361,3361,805.8,,,6550.5,,212.9,,,0.6,184219.4,,119.5,35,471.4,,586.4,,57.2,,71.9,5456.8,19847,14390.3,72.3,,,61.6,,274.4,310.3,298.3,,,27.2,35.6,652.2,,,97,21.2,731.2,,293.4,132.1,340775
281,2321.9,,0.6,61.8,543.4,22.2,,0.4,,,15.4,83.6,1.1,0.9,126,,,0.4,,572.5,,1.7,,16.7,16.7,7,,0,,,,,,0,691.9,0.3,,0.5,52.7,,3.2,,0.9,,26.5,14.2,68,53.7,2.4,0,,3.5,,,50,17.1,,19.8,4.2,,7.9,,,4.7,1.4,,,100.1,17.3,4932.6
283,2729.8,349.1,,2168.8,977.6,259.8,341.6,15.8,,,9,146.1,25.2,4.7,510.7,,,2.6,8.7,464.2,395.6,13,,89.9,89.9,11.1,,2.1,368.6,,,,1709.1,3.8,4982.5,0.3,,4.9,45.5,,18.7,,0.1,20.9,31.3,363.5,1655.4,1291.7,8.5,0.6,,14.1,,,28.8,83.7,,67,14.9,1.1,406.8,,,16,5.7,2.4,,263.4,6.8,20031.4
285,9662.6,,0.1,501.7,2178.7,118.7,3.5,0.1,,,9,178.9,3.3,1.3,220,,0.2,2.6,,188.4,,2.8,,315.2,315.2,55.2,,29.3,61.1,,,,,0.6,4809.7,13,38.5,22.4,72.1,,33.2,,3.1,13.7,44.4,217.4,803.9,586.4,2.5,0.6,,9.5,,16.5,117.9,19.7,,,3,8.9,64.8,,,,10.5,3.5,,123,67.9,20954.6
287,8306.1,1103.6,,13217.3,1986.1,1162.5,771.4,193.3,78.1,,52.2,491.6,123,0.7,2238.7,,,65.9,,7420.8,2725.8,68.9,,73.7,73.7,43.3,,2.1,3742.6,,,,1865.7,2.8,28611.8,6,19.7,31.7,682.7,,251.5,,0.9,20.5,120.9,397.6,7819.4,7421.7,7,0.6,,8.6,,11.1,177.7,308.2,5.9,180.3,5.9,339.4,1851.9,,,311.4,212,104.9,,313.5,61,95093.7
289,5006.6,742.6,2.3,3980.6,2193.7,452.5,547.7,28.9,,,5.5,69.6,43.1,1.3,826.3,,5.2,2.6,,1119.8,853.3,16.6,,71.9,71.9,79.2,,2.1,820.1,,,,3686.9,2.6,7761.4,0.3,,5.8,93.3,,252,,0.1,9.2,38,506.2,3815.9,3309.8,2.5,0.6,,4.6,,,51,123.1,,58.1,3,8.3,658.2,,,13.8,10.5,1.6,,607.9,12.6,37980.7
291,4128.1,400.4,0.6,83.6,938.8,73.9,3.5,0.2,,,6.1,57.9,2.9,0.9,36.3,,,0.7,,741.5,,1.7,,169.9,169.9,17.8,,30,,,,,,1.7,4767.3,13.1,,20.8,0.8,,,,1.9,133.6,11.1,73.4,1424.6,1351.2,77.9,0.2,,3.8,,,39.8,10.8,,41.6,4.2,1.6,4.9,,,9.9,1.4,,,1282.4,14.5,16157.2
293,16404.7,1989.7,0.6,2083.9,1747.3,157.5,,2.2,,,26.3,81.6,2.2,1.5,372.2,,1.3,2,,3120.3,30.6,3.4,,709.3,709.3,165.5,,2.1,178,,,,95,2.1,19229.2,0.3,95.6,4.5,422.9,,42.7,,13.2,32.8,25.8,1037.6,4377.4,3339.6,12.2,0.1,,13.2,,11,155.4,48,,45,16.6,47.4,110.2,,,71.8,10.5,5.5,,17.9,80.7,57155.7
295,16553.7,155,0.5,2786.4,7762.7,141.3,,16.2,,,512.6,7.7,1.5,30.8,505.7,,,,,5623.2,1.4,,,1453.8,1453.8,169.9,,,627.9,,43.8,,,,23655.1,0,430.5,17.8,9.7,,,,29.8,31.2,0.2,811.4,5593.7,4782.1,54.4,0.6,,12.9,,30.5,153.8,128.2,,12.8,58.6,6.1,81.1,,,,,3.8,,1181.6,76.4,75010.2
297,7947.8,156,2.7,1534.5,4697,59.9,,0.1,,,74.1,60.7,4.5,0.8,51.4,,,0.4,8.7,646.2,398.8,1.6,,802.1,802.1,87.7,,0,145.5,,,,227.1,0.1,14599,0.1,,0.5,98.6,,,,0.7,170.9,8.4,688.2,3169.3,2481.1,2.2,0,,3.4,,,67.4,8.5,,14.6,4.1,48,30.7,,,3.5,1.4,19.7,,274.1,21.3,39425.5
299,4448.2,222.2,0.6,1120,272.9,213.4,127.8,39.3,3.3,,46.1,183.9,14.7,7.7,382.9,73.1,1.4,1.9,,1429.6,457.3,32.3,,13.5,13.5,28.4,,,576.8,,,,20.7,0.6,6533.8,,16.1,8.8,383.9,,253.5,,0.4,,46.8,14.5,1563.3,1548.8,0.7,,,15.7,,,127.5,74.9,,,,9.5,335.8,,,62.8,9.1,11,,242.1,47.8,21038.9
301,941.3,6.9,,83.9,,25.7,,,,,,19.5,9.1,,28.5,18.5,,0.7,,1685.2,243.7,,,,,,,,64,,,,937,0,1380.9,0.3,,,59.5,,122.5,,,,3.5,,10,10,,0.6,,0.8,,,22.3,30.8,,,,1.1,10.5,,,,,4.3,,458.5,3.2,6182.8
303,33505.2,1831.7,1.7,25668,9172.4,699.1,750.9,53.8,22,,585.1,403.3,49.4,11.1,1800,,4,0.6,,63674.8,5087,27.1,,3217.8,3217.8,519,,2.1,11741.1,,74.8,,2769.9,2.2,313243.8,0,63.6,13.1,256.7,,1291.1,,20.6,,80.4,5677.2,17573.4,11896.1,51,0.2,,35.8,,328.7,326,219.3,,342.8,225.1,60.7,719.2,,,81.7,58.4,1431.3,,385.1,70.5,519343.7
305,39419.2,1870.9,1.7,26791.1,2527,244.2,91.9,40.2,1.2,,226.3,62.1,22.7,2.7,497.6,146.3,4,0.7,,76163.4,6184.9,21.8,,3293.1,3293.1,131.6,,,14534.2,,32.7,,,4.6,374973.8,,59.2,15,664.8,,467.9,,9,,43.6,3142.9,12025.5,8882.6,10.2,,,9.4,,42.2,111.3,103.2,,,97.8,33.4,281.7,,,46.3,16.9,1745.6,,224.7,70.2,578686.4
307,9045.2,474.6,,4529,4045.7,369.5,151.7,91.2,,,239.1,28.3,47.3,,776.1,,,,,5543.1,2732.9,4.8,,2383.1,2383.1,86.5,,,1872.3,,,,572,,25119.3,,8,8.5,647.7,,50.4,,11.1,37.1,19.1,761.4,3211.7,2450.2,2,,,1,,22.5,353.9,107.6,,132.9,,133.2,508.5,,,512.1,32.7,168.3,,207.6,88,69970.3
309,17000.2,4375.5,0.5,8852.6,5383,434.5,71.2,12.8,,,160.3,74.2,18,2,750.1,,1.2,2.6,,6150.4,362.4,4.2,,2601,2601,739.5,,,485.2,,,,1486.4,0.6,66839.8,0.3,79,5.3,756.5,,37,,51.4,32.8,11.6,2995.6,11806.9,8811.4,13,0.6,,23.1,,57.2,293.4,166.6,,33.8,6.9,83.6,380,,,8.1,2.9,4.2,,93.5,118.8,144282.7
311,1977.9,,,72.4,846.1,10.7,,0.1,,,,36.2,0.9,0.9,61.2,,,0.1,,101.5,,1.7,,104.1,104.1,,,0,,,,,,0.1,1836,0,,0.5,0.7,,,,1.4,,11.8,74.8,250.6,175.7,2.2,0,,3.6,,,11.8,11.3,,30.4,4.2,,7.3,,,7.2,1.4,,,183.7,1.3,5933.9
313,7398.3,26.9,,383,8356.3,37.6,,0.7,,,,0.5,22.9,2.8,18.2,4,,,,1860.5,17.2,,,197.1,197.1,,,,9.7,,,,47.9,,10974.9,0,,0.8,33.9,,,,0.5,,22.4,212.8,5579.9,5367.3,3,,,3.2,,,8.4,10.8,,23.7,3.6,22.6,10,,,,,3.3,,675,1.7,41538.5
315,3378,898,,10849.4,1263.8,749.3,603.7,150.7,132.9,,,700.1,112.7,1.4,1375,,,111.7,,10150.4,2244.2,57.1,,,,1.4,,,2950,,,,1536.1,0.8,23567,10.1,,23.9,456.7,,124.5,,0.5,7.2,43.2,244.2,5904.7,5660.5,6.6,0.6,,12.8,,,78.2,295.4,,151,8,258.6,1322.2,,,264.6,139.7,85.6,,292.5,31.8,76256.8
317,25561.6,741.7,0.6,13591.1,1554.8,128.8,172.8,,,,98,9.1,5,,196.2,,,28.2,,39687.2,2898,,,1534.5,1534.5,99.4,,0.4,7091.4,,,,413.4,1.7,192296.9,,146.4,18.7,39.3,,4.9,,1.6,,0.1,2278.4,5621.5,3343,0.7,0.3,,6.1,,82.7,72.3,25.9,,34.8,32.3,14.2,16.4,,31.8,8.3,,893.8,,653.9,20.9,300993.6
319,1828.5,32.2,1.7,231.2,301.5,104.7,38.5,3.9,12,,0.8,103.7,4.5,1.3,145.1,,4,6.9,,508.9,36.8,4.5,,,,4.7,,,79.2,,,,159,0.6,651.3,0.8,10.5,6.7,43.4,,252.4,,0,,17,86.9,249.9,162.9,2.5,0.6,,6.3,,,46.5,26.9,,13.6,3,5.7,54.8,,,3.2,10.5,0.9,,277,7.1,5554.6
321,15173.8,19313.5,25,38850.5,12097.6,1750.4,1560.2,382.7,202.7,,111.7,953.9,1746.7,1.3,2449.7,243.3,,169.8,,29872.7,14706.3,137.6,,1689.9,1689.9,332.2,,242.7,7423.2,,,,7874,0.7,142074.5,120.5,,224.3,2919.9,,65.3,,1.7,276.2,71.2,5900.1,47706.9,41806.6,17.5,0.5,,11.6,,,297.5,634.3,,512.5,7.3,1357,2988.6,,,1657,247.7,421.2,,3812.4,188.1,412322.4
323,1247.7,,,,,7.2,,,,,,,,,80.4,,,,27.3,91.4,,,,,,,,,,,,,,,750.3,,,,,,,,,,16.8,,,,,,,,,,5.4,7,,,,,5.5,,,,,,,113.2,,2352.2
325,18614.9,3703.7,7,7738.3,14835.3,43.5,,1.2,,,139.8,56.9,252.8,,337.5,44.4,,,,4186,1196.5,,,2970.9,2970.9,483.7,,,159.9,,,,313.9,,46234.6,,27,2.4,320,,,,23.6,124,18.9,2362.1,9609.9,7247.8,,,,9.5,,149,98.8,64.6,,,16,291.4,29.6,,,,,69.3,,157.1,50.4,124963.1
327,1509.8,,,,93.4,8.3,,0.2,,,11,12.4,,,54.6,,,,,411.3,,,,,,5,,,,,,,,,273.4,,,,25.1,,1.5,,,,11.6,,,,0.2,,,,,,30.1,4.8,,,,,2.9,,,,,,,98.2,9.4,2563.2
329,3498.3,167.3,,1107.8,711.4,6.3,,3,37.6,,48.1,2.3,0.1,0.2,66.7,,,,,3654.4,210.1,,,202.2,202.2,29.4,,,567.7,,8.9,,,,15255.9,,207.8,7.9,39.6,,,,2.4,,0.4,307,886.6,579.5,11.7,,,2.2,,4.3,11.6,37.5,,,3,1,1.9,,,,,67.6,,49.1,3.7,28004.7
331,17536.6,5931.6,,5811.9,4650.3,241,,2.9,,,96.5,12.4,6.1,0.8,479.1,,,,,7002.5,88.2,,,2597,2597,469.9,,,183.6,,,,273.8,,53585.3,,27.1,4.1,983,,4.2,,33.9,152.8,5.8,3276.3,13109.2,9832.8,45.2,,,9.4,,103.9,166.6,95.3,,,29.5,114.7,109,,,,,5.5,,3.6,61.4,129739.8
333,5801.5,,,138,533.7,74.5,,0.1,,,14.5,90.1,0.5,,1137.7,,,,,532.2,,,,80.2,80.2,15,,,,,,,,,2347.6,,300.7,,214.7,,11.2,,0.5,,19,77.9,319.4,241.4,0.1,,,0.1,,16.7,166.4,25.1,,,,0.8,21.5,,,,,,,74.8,38.4,12374.5
335,6897.3,6.7,,1149.7,634.1,26.4,60.6,,,,47.3,12.4,0.2,,73.3,,,,,9495.2,1885.5,,,315.8,315.8,15,,,84.3,,,,,,36685.8,,360.6,1,699.6,,1.5,,0.5,,6.3,560.9,1269.9,708.9,1.5,,,1.8,,16.9,316.8,20.5,,,,33.8,9.9,,,,,304.8,,84,5.3,62109.9
337,5239.9,,,51.4,272.2,39.5,,0.3,,,21.3,47.9,0.5,,637.4,,,,,356.9,,,,68.8,68.8,20.5,,,41.6,,,,,,1132.6,,307.5,1.5,129.2,,9.6,,,,10.1,51.7,112.9,61.1,0.2,,,2.7,,16.7,97.1,12.9,,,,0.8,14.2,,,,,,,69.9,24.4,8922.1
339,1148.7,,,,59.6,22.6,,,,,,,0,,0.1,,,,,132.2,,,,1.1,1.1,,,,,,,,,,761.6,,,,,,,,,,8.6,0.3,182.5,182.2,,,,,,,,,,,,,1.8,,,,,,,129.4,,2631.8
341,19963.7,386.3,,8694.4,49351.8,287.5,,89.7,,,3669.3,,19.3,0.2,1030.6,,,,,16319.8,9.3,,,9225,9225,1271.1,,,2708.7,,266.1,,,,72810.7,,228.3,5.1,3.1,,,,179.1,31.2,,3919.3,30118.7,26199.5,94.2,,,16.1,,386,489.2,521.4,,,140.8,41.9,135.4,,,,,24.7,,319.4,189.3,258371.2
343,1106.9,,,,,1.2,,,,,,,,,,,,,,125.6,,,,,,,,,,,,,,,44.3,,,,,,,,,,,,,,,,,,,,,,,,,,,,,,,,,70.7,,1348.7
345,11647.9,257.9,,66,851.1,13.9,,0.6,,,62.3,,0.3,,69.5,,,,,4860.2,810.2,,,73.9,73.9,16.7,,,424,,1.8,,,,33579.6,,400.2,0.7,2.6,,,,0.9,,,205.9,497.8,291.9,1.2,,,1.3,,11.1,19.2,20.1,,,0.3,10.4,191.4,,,,,22.2,,335.3,19.8,54842.1
347,4448.8,,,,253.8,28,,0.9,,,,,,,13.8,,,,,1065.5,,,,11.4,11.4,20.9,,,,,,,,,1151.9,,,,,,,,,,5.8,10.2,123.3,113,,,,,,,8,6.3,,,,,26.5,,,,,,,266.7,,7566.2
349,19589.4,6007.8,,3546.8,3192.6,95.1,1.1,0.5,,,58.1,20.5,5.8,,534.8,,,,,7357.8,98,,,1985,1985,259.8,,,332.9,,,,304.2,,37717.3,,137.5,5.9,1105.1,,16.4,,15.4,,9.6,2984.7,12730.7,9745.9,,,,13.9,,98.7,81.8,45.5,,,68.4,125.8,28,,,,,5.5,,4.2,27.9,110343.4
351,271.8,,,,82.2,0.9,,,,,,,0,,0.1,,,,,34.4,,,,1.5,1.5,,,,,,,,,,99.5,,,,,,,,,,,0.5,55.9,55.5,,,,,,,,,,,,,,,,,,,,38,,641.8
353,9645.8,7.1,,1384.8,1594.1,40.3,,,12,,132.4,0.5,0.7,,59.5,,,,,11496.5,2010.7,,,377.1,377.1,31.8,,,88.1,,,,,,48938.6,,258.9,1,727.9,,0.1,,0.5,,0.2,686.1,1466.2,780,3.9,,,1.8,,60.3,804.9,48,,,,37.6,17.7,,,,,325.1,,59.3,0.7,81477.3
355,56422.8,2983.5,94.3,21483.1,95689.6,37.8,,,,,1126.4,,2089.6,,1781.7,374,,,,2289.4,641.9,,,3194.9,3194.9,1208.2,,,8519.6,,,,3966.3,,431587.7,,,,2518.7,,,,,45.8,8.6,12344.9,159330.7,146985.7,,,,,,,2.8,,,,,1601.2,4.9,,,,,3116.2,,666.8,,963312
357,29548.3,1495.9,,5271.3,42894,434.6,,64.9,,,3488.5,,18.3,2.2,1450.8,,,,,13414,2.7,,,5039.3,5039.3,1066.7,,,1283.6,,192.4,,,,58850.2,,195.9,49.3,2.9,,,,129.5,388.5,,4591.4,24208.5,19617.2,262.3,,,12.3,,365.9,469.3,647.5,,,103.3,14.3,216.5,,,,,8.9,,269.6,302.6,221412.7
359,7412.9,18.3,,665.7,4354.1,86.2,,1.3,,,498.5,,2.9,,133.1,,,,,2907.5,0.6,,,630,630,109.6,,,268.9,,3.8,,,,5921.4,,701.2,1.2,0.2,,,,2.5,,,318.1,2250.5,1932.3,1.1,,,1.9,,57.5,35,22.9,,,3,3.1,55.4,,,,,1.7,,1015.8,70.9,30119.1
361,3592.7,,,,2.1,0.1,,,,,,,0,,,,,,,467,,,,0.4,0.4,,,,,,,,,,4517.5,,,,,,,,,,0.1,0.1,1793.9,1793.8,,,,,,,,,,,,,0,,,,,,,407.3,,12575.4
363,6071.6,,,,226.8,13.2,,0.3,,,12.6,14.7,,,232.8,,,,,465.3,,,,,,17.5,,,73.9,,,,,,844.5,,370.7,2.7,32.8,,8.1,,,,3.1,,,,0.2,,,4.9,,,37.7,4.2,,,,,6.7,,,,,,,80.6,11,8535.9
365,3140.8,42.5,,,253.8,78.7,,,,,,,,0.6,2,,,,,1048.9,,,,11.4,11.4,,,,,,,,,,1164.2,,,,0.1,,,,,,5.8,10.2,149.5,139.2,9.7,,,,,,,5.1,,,,,,,,,,,,178.7,0.9,6253.5
367,6379.4,844.7,,1125.2,206.1,21,,0,,,1.5,26.2,,,409.5,,,,,1192.5,4.3,,,3.4,3.4,23.6,,,142.7,,,,,,5363,,394.7,5.2,158.7,,15.5,,0,,5.5,459.5,490.6,31.1,0,,,9.3,,,47.6,7,,,,2.8,6,,,,,2.1,,75.9,10.8,17468.8
369,31264,688.2,,16167.4,31071.5,315.5,57.6,69.1,,,2119.4,53.4,6.7,,1959.4,,,,,29105.3,23.4,,,14827.8,14827.8,786.4,,,6973.8,,205,,,,95731.1,,1126.8,25.3,7.1,,,,138,,10,2344.7,25342.6,22997.9,59.8,,,45.9,,134.2,417.1,403.6,,,7,99,166.6,,,,,62.1,,1317.3,220.6,301178.4
371,2294.8,7,,303.7,319.5,,,,12,,7.8,,0.3,,35.5,,,,,2576.8,117.1,,,89.4,89.4,9.4,,,41.1,,,,90.8,,3977.8,,,43,12.4,,,,1,,25.8,108.5,536,427.6,,,,,,5.6,72,12.7,,,,3.3,2.8,,,,,18.9,,227.2,,11469.2
373,747.2,,,,39.7,1.1,,0,,,,,0,,0.3,,,,,91,,,,0.7,0.7,0.3,,,,,,,,,445.4,,,,,,,,,,0.6,0.2,143.4,143.2,,,,,,,0.1,0,,,,,0.4,,,,,,,83.1,,1697.4
375,3991.1,23.4,,577,1670.4,36.3,,1.3,,,145,53.4,0.7,,33.5,,,,,1648.9,0.8,,,514.1,514.1,31.1,,,282.8,,3.8,,,,5189.5,,307.5,,0.2,,,,2.5,,10,101.8,970.5,868.8,1.1,,,0.2,,13.3,28,12,,,0.7,3.4,21.5,,,,,2.1,,452.8,23.7,17537.3
377,99.7,,,,,,,,,,,,,,27.9,,,,,3553,,,,,,,,,,,,,,,2854.4,,,43,,,,,,,25.8,,,,,,,,,,3,3.9,,,,,,,,,,,,380.6,,6991.3
379,1890.2,,,,,8.8,,,,,,,,,,,,,,528.3,,,,,,,,,,,,,,,679.4,,,,,,,,,,5.8,,,,,,,,,,,,,,,,,,,,,,,113.1,,3225.6
381,11106.2,165.8,,1709.1,7499.6,205.4,,3.6,12,,981.4,53.4,5.1,0.2,518.5,,,,,6037.5,1.8,,,1504.8,1504.8,214.4,,,616,,10.6,,,,10330.1,,312.1,9.4,12.6,,,,7.2,31.2,10,717.9,4661.5,3943.7,19.7,,,8.2,,101.9,99,81.2,,,12.1,8.2,127.7,,,,,4.8,,385.3,160.9,53194.9
383,4349.3,3.3,,4483.9,3790.1,33.4,,0.7,,,196.7,12.4,1.1,,119.1,,,,,12432.7,2494.4,,,1214.2,1214.2,87,,,629.9,,,,654.4,,48424.3,,16.1,8.8,971.1,,1.5,,4.4,51.9,11.6,1253.3,2562.2,1308.9,0.6,,,3.5,,31.5,103.9,17,,,,105.7,8.1,,,,,333.8,,136.5,24.1,87095.6
385,1096.2,,,,237.2,6.9,,,,,,12.4,,,51.7,,,,,433.1,,,,,,,,,,,,,,,180.4,,,,25.1,,1.5,,,,11.6,,,,,,,,,,3.5,4.5,,,,,1.8,,,,,,,59.2,4.8,2129.9
387,10914.9,472.8,,,272.5,192.8,,1.2,,,,,,6.2,18,,,,,7524.8,,,,12.3,12.3,28.1,,,,,,,,,5337.4,,,,1.4,,,,,,5.8,11,424.3,413.3,107.8,,,,,,10.8,7.1,,,,,35.6,,,,,,,499,9.9,26319.3
389,1750.6,3.3,,128.6,100.5,,,,,,,,,,28.3,,,,,2191.4,54.7,,,31.4,31.4,,,,19.2,,,,42.4,,3297.8,,,495.4,0.2,,,,0.5,,25.8,27.2,216.3,189.1,,,,,,,7,5.2,,,,1.4,0.2,,,,,8.8,,208.5,,8865.2
391,16075.4,1016,32.1,7315.7,15191.6,3.8,,,,,279.2,,700.5,,441.7,127.3,,,,958.1,218.6,,,521.7,521.7,299.5,,,2901.2,,,,1350.6,,112426.1,,,,857.7,,,,,11.4,,2412.7,44120.9,41708.1,,,,,,,6.2,,,,,525.8,6.9,,,,,1061.2,,1919.9,,253011.6
393,3907.6,137.2,,641.1,1211.7,26.4,,0.6,,,83.2,53.4,0.4,0.2,84.6,,,,,1547.5,0.8,,,474.7,474.7,18.2,,,255.6,,1.8,,,,4080.8,,894.5,3.9,0.4,,,,1.2,31.2,10,183,883.6,700.7,17.1,,,0.1,,8.3,24.9,26.2,,,7.2,3.4,13,,,,,2.2,,1317.3,13.9,17142.6
395,6382.2,483.2,,1820,17224.6,177.6,2.5,0.9,,,34.4,,211.7,10.4,90.2,38.5,,,,9220.2,165.4,,,596.9,596.9,386.3,,21,93.1,,,,460.7,,22917,9.5,,17.1,321,,,,,132.5,15.9,1250.8,15851.1,14600.4,42.3,,,,,,42.7,1.2,,,,233.9,18.5,,,,,32,,556.7,32.6,94091.9
397,1710,870.1,,877.3,2128.2,60.2,,2.6,,,83.2,0.2,5.1,0.4,146.1,,,,,802.9,9.7,,,1058.5,1058.5,174.1,,,16.6,,,,30.1,,7317.1,,,1.5,106.1,,0,,4.7,80,0.1,829.4,2746.6,1917.1,23.7,,,1,,87.4,42,16.8,,,7.1,20.1,77.5,,,,,0.8,,0.2,21.9,22334.9
399,14579.9,10.5,,2740.9,2835.8,109,,,,,381.6,12.4,3.1,,330.4,,,,,16892.8,2968.1,,,756.6,756.6,122.2,,,131.4,,,,,,86373.6,,346.5,1.5,1086.9,,1.5,,1.4,,6.3,1428.9,3139.4,1710.6,9.5,,,2.9,,269.7,1998.4,107.5,,,,62.1,46.6,,,,,479.9,,78.7,6.2,139789.4
401,4408.8,,,,14.6,24.8,,,,,,,,,0.1,,,,,3092,,,,0.7,0.7,,,,,,,,,,1940.7,,,,,,,,,,5.8,0.6,7.1,6.5,,,,,,,,0.3,,,,,,,,,,,,225.8,,9728.5
403,283.2,,,,1278.3,19,,,,,,,0.2,,2,,,,,88.7,,,,23.6,23.6,,,,,,,,,,933.6,,,,,,,,,,,7.3,706,698.8,,,,,,,,,,,,,,,,,,,,30.1,,4094.4
405,500.6,,,,36.9,10.7,,0.9,,,,,0,,11.9,,,,,49.5,,,,0.7,0.7,20.9,,,,,,,,,361.5,,,,,,,,,,8.6,0.2,24.3,24.1,,,,,,,7.1,1.2,,,,,18.5,,,,,,,57.9,,1136.2
407,687,26.9,,193.7,497.5,0.3,,,,,5.5,,21.9,,8.9,4,,,,894.5,17.2,,,48.6,48.6,58,,,9.7,,,,47.9,,1373.7,,,,33.1,,,,,9.2,0.6,147.6,1000.8,853.3,,,,,,,,,,,,25.2,0.1,,,,,3.3,,86.6,,6103.7
409,40755.2,2599.1,82.1,18714.5,38291.4,9.3,,,,,719.4,,1792.3,,1137.9,325.8,,,,2097.1,559.2,,,1317.1,1317.1,771.6,,,7421.7,,,,3455.1,,287729.2,,,,2194.1,,,,,29.2,,6090.8,113508.7,107417.9,,,,,,,0.9,,,,,1346,1,,,,,2714.6,,608.9,,643007.2
411,5584.3,0.1,,116.1,426.5,129.9,,1.3,12,,65.3,218.9,,,939.2,,,,,1167.6,78.7,,,13.5,13.5,32.6,,,29.7,,,,20.7,,3053,,7.2,4,481,,27.3,,,,204.6,14.5,36,21.5,1,,,1.2,,,220.2,86.9,,,,3.3,37.5,,,,,10.5,,113.1,112.3,13285
413,2429.3,0.8,,1315.1,1736.6,10,,0.1,,,93.4,12.4,0.6,,73.6,,,,,3713,624.9,,,471.1,471.1,23.2,,,160,,,,163.9,,11960.4,,5.5,3,262.1,,1.5,,0.5,28.5,11.6,509,847.8,339,0.1,,,1,,17.3,16.4,5.9,,,,27,2.6,,,,,83.6,,162.6,7.2,25591.7
415,9622.4,9,,1587,1161.8,6.6,,,,,34.7,0.1,0.4,,16.7,,,,,13410.7,2548.3,,,415.7,415.7,13.9,,,77.8,,,,,,45995.6,,257.3,,911.7,,0,,,,0,750.7,1549.3,798.6,0.7,,,,,36.1,140,7.1,,,,46.2,3,,,,,412,,62.6,0,80291.7
417,8074.5,844.7,,1207.8,382,5.1,,0.4,,,20.6,,,,28.7,,,,,1278.8,4.3,,,14.3,14.3,17.9,,,26.9,,,,,,5530.4,,411.5,1,87.3,,2.2,,0.5,,,484.5,687.5,203,0.3,,,1.8,,,21,1.7,,,,2.8,6.2,,,,,2.1,,98.3,9.1,19471.5
419,3052.4,,,13,582.9,112.1,,,,,4.8,,0.5,,10.2,,,,,622.5,,,,102.1,102.1,32.5,,,,,,,,,901.9,,,,,,,,,,5.8,10.2,347.7,337.4,,,,,,,,5.1,,,,1.8,,,,,,,,186.3,,6431.3
421,28045.8,976.3,,13377.2,65260.9,454.2,20.1,145,,,4392.4,,17.5,0.8,1567.5,,,,,25529.6,15.4,,,13863.2,13863.2,1601,,,4447.7,,429.8,,,,111487,,228.1,22.7,5.5,,,,289.3,143.5,,5316.8,40207,34890.3,201.4,,,30.1,,348.5,797.2,898.5,,,49.3,67.3,206.1,,,,,41.5,,268.6,293.5,369799.8
423,4277.2,,,,276.7,65.8,,0.9,,,,,,,14,,,,,2133.4,,,,12.5,12.5,20.9,,,,,,,,,1708.6,,,,,,,,,,5.8,11.2,134.4,123.2,,,,,,,8,6.8,,,,,26.5,,,,,,,232.6,,9071
425,759.5,,,,30.9,7.4,,,,,,9.4,,,119,,,,,64.5,,,,,,0.7,,,4.2,,,,,,203.6,,43,0.2,51,,1.6,,,,2,,,,,,,0.3,,,16.4,2.5,,,,,2,,,,,,,10,3.6,1331.8
427,2270.6,262,,952.9,2782.5,,,,,,233.9,,,,,,,,,852,394,,,502.6,502.6,284.1,,,37.3,,,,197,,11787.3,,,,49.2,,,,,553.1,8.6,1906,4803.1,2897.1,,,,,,,,,,,,170.9,,,,,,27.3,,738.4,,32212.5
429,6017.6,,,24,304.2,1.4,,0.2,,,13.9,0.1,0.3,,25.9,,,,,492.1,,,,32.1,32.1,12.5,,,26,,,,,,727.7,,336.3,1,0.2,,2.2,,,,0,24.1,52.6,28.5,0.2,,,1.7,,7.8,9.9,0.3,,,,0.4,3,,,,,,,79.5,4.3,8262.1
431,3712.3,,,,370.3,5.8,,0.9,,,46.1,,,,12.2,,,,,767.3,,,,,,20.9,,,,,,,,,1018.5,,,,,,,,,,,,,,0.7,,,,,,111.8,1.2,,,,,4.6,,,,,,,120.2,19.3,6212.1
433,5316.8,3,,575.3,873.5,10.8,,,,,41.4,,0.3,,15,,,,,5268.7,848.7,,,150.6,150.6,9.4,,,25.9,,,,,,19474.7,,271.4,,303.6,,,,,,,276.3,551.8,275.5,1.1,,,,,24.4,231.8,11.7,,,,15.9,5,,,,,137.2,,66.1,,34936.5
435,1608.3,,,,52.2,6.9,,,,,,12.4,,,51.7,,,,,625.5,,,,,,,,,,,,,,,78.4,,,,25.1,,1.5,,,,11.6,,,,,,,,,,3.5,4.5,,,,,1.8,,,,,,,178.2,4.8,2666.4
437,33405.9,859.9,,19426.3,16053.1,278.5,,15.2,,,1671.6,,8.7,,355,,,,,32951.4,29.2,,,16507.1,16507.1,403.7,,,8025.6,,45,,,,83374,,911.7,1.9,8.9,,,,30.3,,,1572.5,21304.9,19732.4,13.1,,,5,,174.3,160.9,128.8,,,9.1,123.7,172.9,,,,,77.6,,1317.3,223.3,275885.9
439,4838.4,112.5,,75.7,357.6,39.7,,1.5,,,28.5,3.8,0.7,0.2,112.7,,,,,323.9,,,,123.8,123.8,55.6,,,45.1,,,,,,911.6,,37.5,2.2,11.4,,4.3,,0.5,32.8,1.8,81.4,292.8,211.5,9.7,,,3,,11.1,19.6,5,,,18.9,1.1,45.6,,,,,0.1,,1.8,11.8,7959
441,7741.7,2.9,,923.8,1819.4,43.1,60.6,,12,,172.1,0.7,1.4,0.2,77.5,,,,,6321.1,817.5,,,241.2,241.2,49.7,,,43.2,,,,,,32157.8,,249.4,0.7,301.5,,0.1,,,,0.4,481.2,847.2,365.9,7.8,,,1.2,,121.6,894.1,51.4,,,2.9,18.8,19.4,,,,,132.2,,58.2,0.3,54281.4
443,1847.9,,,,,,,,,,,,,,7.6,,,,,1944.1,,,,,,,,,,,,,,,713.5,,,,,,,,,,,,,,,,,,,,69,,,,,,2.8,,,,,,,171.8,,4756.7
445,25505.7,924.4,,16205.7,2456.2,717.6,231.5,5.5,22,,188.7,53.4,4.1,0.1,141.4,,,,,47334.5,3375.2,,,2028.7,2028.7,180.8,,,8428.3,,16.4,,,,235039,,55.8,8.2,118,,,,4.4,,10,6256.1,11316.2,5060,8.7,,,3.1,,132.1,57.3,41.1,,,21.4,18.6,47.2,,,,,1084.8,,10.5,15.5,369156.9
447,7400.8,1635.5,,2086.1,756.2,17.8,,2.1,,,112.1,,0.5,0.2,77.8,,,,,1988.6,7.8,,,74,74,57.3,,,15.3,,,,,,10352.3,,285.5,1.1,157.9,,1.2,,,37.3,,885.6,996.4,110.7,1.7,,,0.9,,16.7,102,3.3,,,,5.8,30.1,,,,,3.9,,68.9,44,27411.4
449,2754.1,77.2,,,253.8,93,,0.9,,,,,,1,13.8,,,,,641.8,,,,11.4,11.4,20.9,,,,,,,,,1128.5,,,,0.2,,,,,,5.8,10.2,170.9,160.6,17.6,,,,,,8,6.3,,,,,26.5,,,,,,,153.8,1.6,5569.3
451,12267.3,7.1,,14087.9,23579.3,65.5,,3.5,12,,1571.5,10.3,9.5,,330.5,,,,,26253.7,5370.1,,,6626.2,6626.2,378.7,,,1318.6,,,,1408.8,,108743.9,,9,5,2065.2,,1.3,,7.4,447.6,9.7,7167.5,11248.6,4081,2.8,,,3,,272,459.2,33.9,,,,239.1,23.8,,,,,718.6,,139.8,85.9,235691
453,6312.1,402.3,0.7,2777.3,9724.7,33.5,,0.2,,,64.6,105.5,35.4,0.2,245.4,4.7,,,,676,126.1,,,1656.7,1656.7,305.9,,,21.9,,,,33.1,,20351,,6.2,1.2,41.2,,,,15.8,84,35.1,1254.3,3973.8,2719.6,2.3,,,4.4,,96.1,66.6,48.1,,,2.9,35.5,19.7,,,,,7.4,,47.5,22.8,53018.5
455,1394.3,,,,1278.3,2.2,,,,,,,0.2,,2,,,,,233.1,,,,23.6,23.6,,,,,,,,,,2329,,,,,,,,,,3.1,7.3,1115.9,1108.7,,,,,,,,,,,,,0.6,,,,,,,96.2,,7618.1
457,497.3,,,,,18.7,,,,,,,,,,,,,,58.7,,,,,,,,,,,,,,,229.2,,,,,,,,,,0.3,,66.8,66.8,,,,,,,,,,,,,0.1,,,,,,,59.2,,997.1
459,3023.3,,,,,61.9,,,,,,,,,,,,,,1301.3,,,,,,,,,,,,,,,610.5,,,,,,,,,,0.1,,,,,,,,,,,,,,,,,,,,,,,172.9,,5170
461,5018,1,,1726.4,2680.3,10,,1,45.7,,188.1,1.1,1,,40.2,,,,,4646.8,752,,,698.8,698.8,50.7,,,182.8,,,,197.3,,15304.2,,,,316.5,,0.1,,0.7,45,1,757.1,1216.7,459.6,0.8,,,0.1,,27.3,119.4,26.5,,,,32.8,5.4,,,,,100.6,,227.2,21.2,35602.2
463,9131.7,1.1,,3537.5,11633,103.5,,2,12,,543.7,10,3,,244,,,,,5764.6,815.6,,,2475.2,2475.2,270.1,,,213.7,,,,214,,31675.8,,10.5,5.8,337.3,,1.2,,16.9,142.6,9.3,2440,4912.7,2472.8,1.6,,,5.1,,86.6,303.8,57,,,18.5,38.9,22.2,,,,,109.1,,172.4,63.1,80353.1
465,3134.1,,,,298.5,0.2,,,,,,0.3,,,2.2,,,,,1275.7,,,,,,0.3,,,1.1,,,,,,243.4,,0.7,0.4,0.7,,0,,,,0.3,,,,,,,0.1,,,0.1,0.1,,,,,0,,,,,,,302.1,0.1,5260.4
467,7757.4,,,6.2,423.5,214.7,,,,,2.3,,0.3,,6,,,,,4994.7,,,,55.2,55.2,15.5,,,,,,,,,2739.4,,,,,,,,,,2.2,10.8,236.4,225.6,,,,,,,,5.4,,,,0.8,,,,,,,,406.7,,17158.3
469,10590.5,8809.3,12.6,5547.5,11769.1,220.9,15.9,,,,71,,678.2,,112.3,122.9,,,,7720.6,4499.3,,,2446.3,2446.3,208,,134.6,68.1,,,,1972.4,,65971.1,58.2,,92,1016.8,,,,,88,3.1,2923.9,21689,18765.1,48.5,,,,,,103.7,,,,,392.6,7.5,,,,,102.1,,3196.4,57.6,171961.4
471,1945.4,26.9,,180.7,1278.3,8.8,,,,,,,21.6,,2,4,,,,1086.9,17.2,,,23.6,23.6,,,,9.7,,,,47.9,,2516.4,,,,33.1,,,,,,8.6,80,1328.3,1248.5,,,,,,,,,,,,22.6,1.8,,,,,3.3,,244.1,,10163.3
473,5458.6,104.3,,214.5,15074.7,512.4,15.1,0.9,,,14.2,,25.4,3.6,56.6,4,,,,1814.8,17.2,,,391.1,391.1,171.7,,127.5,9.7,,,,47.9,,13774.8,57.3,,103.9,33.9,,,,,49.6,14.9,345.5,9384.1,9038.7,14.6,,,,,,177.5,1.2,,,,29.5,19.2,,,,,3.3,,275,103,57881.3
475,852.6,,,,,,,,,,,,,,0.7,,,,,876.7,,,,,,,,,,,,,,,356.6,,,28.9,,,,,,,0.7,,,,,,,,,,0.1,0.1,,,,,,,,,,,,82.9,,2199.3
477,5764.8,333.6,0.6,388.3,244.4,9.7,,0.9,,,46.1,25.5,21.4,,114.9,4,,,,391.4,107.8,,,54.4,54.4,21.3,,,126,,,,28.3,,2831.6,,78.5,7.1,36.2,,,,0,,8.5,51.2,527.9,476.8,,,,12.7,,,7.8,3.1,,,,25.5,8.6,,,,,6.2,,63.7,19.4,11902.6
479,5001.2,,,,,,,,,,,,,,7.6,,,,,215.4,,,,,,,,,,,,,,,1860.4,,,,,,,,,,,,,,,,,,,,37.6,,,,,,4.9,,,,,,,542.3,,7669.4
481,34714.1,25533.3,37,16270.3,28288.4,1180.1,95.3,,,,130.6,,1976.5,,206.6,360.4,,,,24082.8,13195.9,,,5848.3,5848.3,382.7,,806.5,199.9,,,,5784.9,,211036.3,348.8,,551,2982.2,,,,,154.3,14.9,7987,69903,61916.2,84.8,,,,,,545.9,,,,,1130.8,3.7,,,,,299.5,,1840.3,345.4,524086
483,9209,330.9,,163.9,865.6,28.4,,2,12,,81.2,12.4,0.5,0.2,181.9,,,,,4144.1,687.8,,,119.2,119.2,34.1,,,330.7,,5.9,,,,35788.8,,329.1,2.6,35.2,,1.5,,2.8,37.3,2.6,331,848.9,517.9,11.4,,,1.3,,21.4,45.9,39.5,,,3.5,9.1,164.8,,,,,18.9,,276.1,22.9,54841.5
485,11233.9,373.2,,272,1604.3,91.7,,1,12,,352.4,12.4,2.2,0.1,231.9,,,,,6672.5,1053.3,,,189.9,189.9,83.7,,,476.2,,2.8,,,,48502.3,,174.4,1.3,36.2,,1.5,,1.3,12.6,2.6,478.3,1139.7,661.3,8.4,,,1.4,,87.9,132.5,122,,,3.3,15.3,1172.5,,,,,28.8,,142.1,123.6,75704.7
487,16744.6,447.9,,128.9,2116.4,194.9,79.7,0.3,0.9,,500,12.4,1,,1499.5,,,,,7254.8,1012.7,,,108.3,108.3,108.3,,,1051.5,,0.8,,,,48246.4,,537.3,16.9,33.7,,1.5,,0.4,,2.6,593,1174.4,581.4,7.7,,,30.2,,39,201,185.6,,,1,13.6,1989.1,,,,,27.7,,265.1,202,85520.8
489,10950.6,2638.5,,9598.4,10519.3,,,,,,892,,,,,,,,,4960.2,3968.6,,,1515,1515,1083.5,,,375.8,,,,1984.6,,74361,,,,495.3,,,,,2109.8,8.6,7781.7,28604.1,20822.4,,,,,,,,,,,,1552.6,,,,,,275.2,,213.6,,186225.8
491,22477.1,7369.6,,13899.9,9181.3,529.5,5.7,3.8,,,121.3,26.6,7.4,,945.5,,,,,10392.3,120.2,,,4924.7,4924.7,1059,,,291.9,,,,373.1,,117537.8,,71.7,3.1,1358.1,,10.5,,92.3,,12.4,5420.1,20955.4,15535.1,,,,25.4,,126.5,403,243.9,,,,154.8,177.4,,,,,6.7,,4,135.5,238927.3
493,8757.8,679.1,1.3,2074,5827,40.1,,0.4,,,71.2,6.7,48.9,0.2,161.3,8,,,,943.3,215.5,,,1105.8,1105.8,233.1,,,75.7,,,,56.5,,15623.7,,36.8,3.9,109.5,,,,8,81.9,2.2,1009.5,3811.6,2802.1,2.3,,,7.7,,93.5,33.2,21.7,,,2.9,56.4,15.3,,,,,12.6,,83.9,17.5,45247.9
495,0.9,,,,,,,,,,,,,,,,,,,934.4,,,,,,,,,,,,,,,158,,,43,,,,,,,,,,,,,,,,,,,,,,,,,,,,,,100.4,,1236.7
497,5948.5,844.7,,1196.5,453.1,13,,0.2,,,20.9,14.7,0.8,,295.6,,,,,1233.5,4.3,,,99.9,99.9,42,,,165.9,,,,,,5562,,376.4,6.1,174.6,,16,,0,,3.1,531.9,646.9,115,0.2,,,10.8,,23.4,35.6,4.2,,,,3.9,6.1,,,,,2.1,,67.7,10,18029.5
499,3404.3,,,,520.3,378.1,,0.9,,,,,,,15.9,,,,,1149.3,,,,23.5,23.5,20.9,,,,,,,,,1374.2,,,,,,,,,,5.8,21,252.7,231.8,,,,,,,8,11.6,,,,,26.5,,,,,,,194.5,,7662.8
501,14712.7,421.6,,8190.5,4269.7,573.7,,11.1,358.3,,336.3,53.4,8.2,,482,,,,,23879.8,1615.3,,,1251.7,1251.7,356.7,,,4066.8,,32.9,,,,118049.5,,171.6,5.8,420.6,,,,8.7,,10,5415,10967.6,5552.6,9.8,,,3.5,,265.5,48,212.7,,,194,18.4,39.7,,,,,519.2,,40.1,13.1,203837.8
503,7396.9,441.5,,586.1,494.6,20.6,,1.4,,,71.5,14.7,,,238.2,,,,,1000.2,2.3,,,1.5,1.5,36.6,,,26,,,,,,4148,,363.5,0.9,107.5,,4,,,,3.1,239.6,251.5,11.9,1.1,,,1.7,,,92.9,5.7,,,,1.4,23.7,,,,,1.1,,86.4,35.6,15713.2
505,2315.4,33.4,0.6,330.5,374.3,,,,,,9,,0.2,,,,,,,254.7,84.9,,,66.3,66.3,10.7,,,8,,,,20.7,,2903.3,,,,14.8,,,,,20.9,,78.1,559.3,481.1,,,,,,,,,,,,11.9,,,,,,5.9,,124.4,,7774.7
507,9428.7,145.9,2.8,1616.2,3700.8,4,,,,,69.6,,1.8,,52.3,,,,8.7,840.6,371.2,,,656.5,656.5,82.4,,,35.1,,,,90.3,,16651.6,,,,64.7,,,,,160.5,9.3,612.7,3253.2,2640.5,,,,,,,41.7,3.9,,,,53.9,7.5,,,,,25.7,,175.4,,41464
510,205.1,,,,,,,,,,,,,,41.6,,,,,81.9,,,,,,6.1,,,18.8,,,,,,108.4,,15.7,1.6,,,37.4,,,,,,,,6.7,,,,,,,,,,,,,,,,,,,112.8,,636.1
550,1647.7,215.5,0.1,1311.1,7603,122.1,,16.8,1,,,,2.3,22.1,437.3,,,,,921.3,,,,697.6,697.6,,,0.1,,,,,,1.9,20805.5,0,,36.5,52.2,,,,65.9,106.9,345.1,1042.7,9286.5,8243.9,206,0.2,,270,,,500.9,508.9,,1522.1,67.3,,209.8,,,288.9,37.4,,,1.2,67.7,57363.1
800,7528.6,8252.4,0.2,11372.9,8125.9,265.8,1743.3,57.7,2.5,,,,423.6,20.9,839.9,0,,,,1897.2,1481.8,13.2,,3515,3515,,,0.1,446.2,,,,466,4.3,32724.3,0,,36.9,869.2,,,,70.1,102.2,407.3,1395.4,10327.5,8932.1,194.7,0.6,,254.7,,,470.3,691.4,,1618.3,63.5,13,434,,,307.1,68.7,27.4,,1.7,73.5,109056.4
810,967.5,108.8,8.4,726,4645.3,90,,10.1,1.2,,,132.7,6.6,11.2,311.4,0,,4.3,,484.8,,,,357.7,357.7,,,0.1,,,,,,7.9,11649.8,0,,18.4,26.5,,,,40.3,55.3,176,637.1,5042.5,4405.4,104.6,0.1,,136.4,,,267.6,286,,930,34,,113.9,,,176.5,20,,,1.2,56.5,32409.8
001,305654.9,80630,1077.1,269757.6,349276.2,19820.9,9230.4,1637,4809.4,258.4,15597.4,9111.3,2947.7,907.1,41502.3,1576,1245.3,2651.3,1236,153537.9,2612.2,235.1,7773.5,64854.9,57081.4,9012.3,1371.9,1718.5,8331.4,1291.9,112.7,882,1035.1,52.2,1364146.2,2223.8,5039.5,5519.1,7055.1,2518.8,2433.6,205.7,1221.2,2813.4,1864.3,101600,354749.6,253149.5,37496.3,521.2,469.8,3543.9,0.8,230.7,22217.1,13295.6,2941.9,19254.8,11581.9,556.3,5575.2,736.1,69.9,6383.2,814.3,1104.2,25878.3,10719.6,4877.1,3701637.3
003,342650.6,63934.5,518.2,262537.8,316164.8,15330.3,11373.3,2903.4,1360.6,,24348.5,6016.6,1418.7,793.5,36253.8,250.4,95.2,995.9,42.1,172131.4,5574.8,335,10714.2,64343.9,53629.8,5503.5,70.9,256.1,12042.8,1035.9,230.5,0,8813.5,25.4,1528392.2,492.6,4977.7,2884.5,6292.2,6838.6,2622.3,1.3,1240.8,3278.6,1296.8,95454.5,432124.5,336671,34024.6,311.8,203.2,2721.9,0,97,13875.2,11598.5,578.5,20115.8,23793.7,1017.8,18015.5,953.9,45.6,6369,1444.7,1196.6,2637.8,10622,4197.8,3998084.4
005,334422.1,34903.2,1129.4,250884.6,463864.9,12875,15675.5,1672.8,10576.6,,45127.9,4055.8,927.6,1227.1,59258.2,2007.8,1465.8,572.6,214.2,207567.6,2181.1,145.4,8121.1,54027.6,45906.4,7957.5,120.7,38.1,7341.2,2362.8,237.6,1399.5,297.8,28.7,1952031.9,352.4,2342.3,3551,3898,1836.5,2101.3,59.1,1925.7,1419.7,671.4,71658.3,444914.8,373256.7,51888.5,308.3,525.1,3771.4,0.2,45,11131.3,16863.5,5239.5,33734.7,33370.3,507.5,13602,1518.2,1.2,11111.8,1463.6,1127,,15256.6,4686,4644765
006,40.4,,,,72.4,0,,0,0,,0.1,,,,8,,,,,2589.5,,,,0.4,0.4,10,,,2,,,,,,341.3,,4.4,1.4,0.3,,,,,4,,,1.6,1.6,4.3,,,0,,,,0,0.3,,,,,,,,,0,,1028.2,,4110.6
007,204519,18182.4,1874.8,171651.5,288242.7,15298.2,9777.1,1414.9,3521.2,266.1,11509.9,4664.8,3210.4,465,40863.6,33.9,375.4,2780.4,957.1,95238.9,4117.3,272.1,7012.1,38065.3,31053.1,2527.2,525.4,289.3,11726.5,3.8,285.6,21.7,1430,22.2,768815.3,562.7,2349.6,2803.1,5225.6,1846,3199.3,28.3,2260,4504.9,7242.9,41582.3,193147,151564.3,12555.1,451.1,4660.2,3970.7,0,632.8,12938.8,9000.8,768.6,18802.6,7187.2,269.9,10527,699.9,142.1,9870.8,617.6,871,47819.8,16464.1,5736.5,2321316.8
009,318435.3,43106,387.3,198068.7,263344.8,10226.6,17983.1,1297.7,5178.3,52.5,62183.5,2725.3,2168.4,380.5,39590.1,645.2,244.3,840.5,98.1,136855.5,3860.7,181.8,7418.2,36953.1,29534.9,7990.6,27,102.5,6977.8,10.1,162.2,28.2,1247.5,13.3,1317308.1,228.2,4608.9,2513.7,3996.1,1968.9,1859.3,187.3,1418.5,411.2,377.8,50725.8,255853.8,205127.6,15814,91,104.3,2017.7,,3014.9,11583.7,7115.9,518.2,12380.5,16564.2,822.3,18456,684.3,,4274.6,677.6,821.4,4103.1,12069.5,4770.8,3160788.8
011,304629.3,48996.9,569,390615,546888.2,26145.8,9584.3,1997,5594.7,,19062.2,1421.4,2951.6,1140.4,41117.7,284.8,1054.2,1645.7,5655.8,216128.6,5876.4,360.5,21846.6,103585.2,81738.6,3041,1040.6,373.4,8574.4,26.6,400.7,121.1,9220,76,1907360.7,1850.4,3128.8,4875.7,9230.7,2427,1923.7,44.5,2992.5,5042,6084.3,124023.9,625547.6,501524.4,56098.3,332,1083.8,5738.3,,315.1,22204.4,19468.8,7170.6,40257.4,26818.6,228.9,7906.7,1589.7,42.9,10242,1472.8,612.7,114926.9,16789.6,7188.7,5398308.1
012,536.9,6.1,190.8,699.3,,45.6,8.4,,,,1023.7,,202.1,,2174.7,,,,,1924.4,,,,29.5,29.5,3640.1,,,2992.9,,25.2,,,,23692.2,,1625.3,19.3,153.8,,7518.9,,,85.1,,,1582.6,1582.6,,,,282,,,7.4,,,,,504.9,,,,,,,,,,50583.3
013,254454.2,77127.5,404.9,386865.7,367618.6,10920.3,14913.3,1377.8,4495.5,24,33101,5164.2,1364.2,1030.7,43915.2,192.7,581.1,571.3,302.8,172264.7,3301.2,656.4,9075.4,52257.1,43181.5,14698.6,734.5,497.8,14483,32.1,156.8,19.7,7557.2,72.9,1550052.2,408.9,7899.8,3176.9,6037.4,4024,17064.1,33.4,1699,6410.2,3239.2,66849.5,330408.8,263559.9,14104.9,479.7,1469.5,4625.9,0.1,37.4,13669.7,10849,416.3,31333.8,19265.8,674.7,6377.4,1412.2,3.6,7095.7,1211.2,1241.6,,8751,4881,3912177.7
014,895.2,,,83,666,2.9,,0.8,,,33.5,,,,31.9,,,,,549.1,,,,50.7,50.7,24.3,,,36.6,,,,,,2438.7,6.1,10.5,2.1,,,,,0.9,,,68.8,129.5,60.7,34.9,,,3.8,,,2.1,6.5,,,23.1,,3.3,,,,,,,0,1,5216.7
015,362992.8,89130.2,243.8,309071.6,305539.2,11596.9,11596,1271.8,2232,285.6,30629.4,4641.2,1644.2,549,37850.8,105.8,279.5,347.5,466.3,218592.5,4197.1,227.1,16274.8,69859.5,53584.7,4967.1,92.9,53.5,9030.2,610.1,51.8,28.3,3865.9,34.1,1793082.2,268.1,2722.5,4344,6646.7,1853.1,1848.6,28.5,2680.1,4357.6,1475.9,67009.3,327683,260674.1,25222.7,95.5,131.9,3589.8,0,167.8,12302.5,12447,329.4,25293.2,17265.2,425.1,8064,1398.8,,8691.6,1130.3,1041.7,,10150.7,6387.9,4160752
017,330915.4,45236.5,875.5,308384.3,374905.6,13183.5,18942.3,1482.5,3483.1,253.6,22234,2760.5,3012.4,924.1,43574.1,421.3,124,494.8,254.7,210106.2,8753.8,711.5,7606.9,115693.4,108086.4,4860.3,27.2,53.8,22134.2,13.4,214.3,21.5,17030.1,10.5,1675387.4,778.2,3148.3,4468.8,4283.4,1669.8,2311.7,82.7,1354.3,853.3,1909.4,135315.9,517542.6,382226.7,33721.4,263.9,546.4,2603.8,1.3,1257.6,16201.4,11324.1,161.6,17580.7,21633.2,1258.7,13220.9,1304.8,,8120.6,1276.1,1502.7,952.8,14832.1,4423.2,4550305.5
019,218091,78420.6,5694.5,352080.8,328447.8,34639.8,17243.4,1785.6,10882.9,198.2,63391.8,17068.1,18867.1,588.3,42265.6,1696.3,4410.8,17812.2,1105.7,116167.9,3452.2,2699.4,11403.6,59044.5,47640.9,17850.8,331.7,1245.6,11694.5,25.3,8071.8,42.7,3543,61.2,1921330.2,417.2,3772.5,2929.8,37154.8,2461.4,14587,0.5,6517,20648.2,61548.8,58670.6,302638.3,243967.1,23511.7,3475.1,11781.7,8855.3,122.9,80.1,39437.8,22383.7,8683.8,31302.1,14013.5,3049.8,17758.5,1113.2,,5351.6,1998.4,3286.4,2067.2,9355.2,12935.4,4395172.4
021,259566.4,87776.5,3216,349273.5,400499,22155.6,10812.7,1734.6,10672,285.5,24877.6,7012.8,5557,1158.9,55540.4,1822.7,1665.5,4030.6,1762.5,172731.9,7119.3,256.2,15689,97547.7,81858.8,18290.3,743.9,355.6,22240.5,1791.7,886.5,1224.2,8070.7,56.9,1787088.4,1148.5,8301.8,5792.2,7805.1,3791.9,12164.6,33.2,2679.2,6461.8,8732.8,75543.4,434931.7,359388.3,47507.7,525.8,3862.9,5916,0,51.8,26675.5,17442.4,5106.1,46816.4,30914.8,4729.1,8711.4,2373.3,71.4,9962.2,1633.2,1647.4,78588.9,19035.4,7516.4,4711234
023,224926.4,6845,81,339921,351293,14844.2,12908.3,1289.6,6672.7,,30360.3,1752.8,601.5,731.6,25631.6,55.1,9.3,201.9,13.8,142285.8,2646.8,107.6,15619.7,75092.7,59473,5466.8,31.4,127.1,5936,,3.7,2.1,10785,6.7,1329391,752.1,3119.8,3776.5,2178.8,2902,1245.3,32.7,1046.1,311.6,468.8,76627.1,360879.1,284252.3,26297,89.2,99.8,3384,0.1,401,24356.5,10006.7,540.1,33794.6,14944.4,138.8,7664.1,1679.4,68.7,10903.5,1223.6,601.3,16441.8,19595.9,4232.4,3579169.6
025,275955,54480.6,4825.4,273119.5,362059.7,13060.5,18809.3,2011.3,18409.1,,24948.2,14317.1,8383.1,758.5,81495.2,2561.1,2155.9,247,280.3,111370.4,5031.3,199,10770.3,78662,67891.9,28064.1,3103.2,527.7,10830.4,2791,789.5,1883.6,4435,132.3,1333511.5,256.8,5340.3,4019.2,85697.4,7668.9,11051.8,137.7,1052.4,21387.3,6759.1,68589.5,433553.7,364963.2,44515.7,992.1,1229.4,9712.4,0,1979.4,16098.5,16433.9,5799.4,30921.5,14340.4,2362,6403.4,1412.7,31.6,6581.1,1067.4,1588.7,372.1,9690.1,6453.6,4006332.7
027,364800.4,107970.1,1525.1,398261.8,425750.8,18372.6,9570.5,2236,6075.4,3320.6,34691,3228.6,2803.9,1443.9,60598.5,470.4,3347.8,893.6,1497.5,227585.1,13276.7,1705.4,20277.4,74451.1,54173.8,12087.3,695.6,634.7,39077.6,1.6,15.7,21.4,38669.7,145.6,2072367.7,500,14217.5,5135.1,10264.6,3668.6,12317.4,140.5,2905,9521.3,4681.2,167476.2,606881.6,439405.6,38221.6,422.9,5204.6,5377,,556.9,18709.6,17201,1020.9,62724.7,22674.4,1162.9,11122.4,1814.4,,17902.7,1897.1,1977.4,470.9,23622.1,5941,5517184
028,0.5,,,,,,,,,,,,,,,,,,,793.4,,,,,,,,,,,,,,,79.5,,,,,,,,,,,,,,,,,,,,,,,,,,,,,,,,,317,,1190.4
029,213030.5,94982.2,2257,164435.3,328860.1,21993.5,9380.1,1625.4,8367.1,552.3,17638.3,2439.6,16143.4,801.2,27996.3,816.3,1404.2,19200.9,477.1,143319.2,3674.5,3926.5,6146.8,64894.8,58748,9719.9,313.7,139.4,7850.1,11.7,2577.2,5.3,2243.4,36.8,1826634.6,365.5,2297,2403.8,23592.9,8672.5,9484.5,1.9,8189.2,3598.8,29118,60855.2,440819.4,379963.9,25943.2,2913.6,8556.8,4324.3,,336.7,16456.7,14062.3,5580.7,31706.6,14536.5,1157.2,10780.7,787.6,0.6,4759.8,860.2,1528.1,2962.3,6493.7,10903.9,4196656.8
031,232794.4,127368.9,5115,178938.2,242016.5,19359.6,8577.9,1363.2,1801.3,,18686.9,6994.7,5596.2,824.4,45828.2,1640.6,182.5,3010.7,35,139857.4,24486.4,861.4,6465.6,84459.8,77994.2,22726.6,233.2,669.8,19813.8,1,1589.8,19.5,37766.5,99.8,1337603.7,330.2,2901.8,3323.1,11693.3,1043.9,32862.5,529.4,2816,3248.7,10738.7,78766.4,319993.5,241227,21619.1,1801,4455.4,3823.4,,28.3,19455.3,11926.4,2717.2,18280.1,16788,4417.1,12374.1,994.1,,4473,859.8,2244.3,26571.3,15610.8,4192.4,3536888.3
033,250089.5,17914.9,52.8,320566.2,333974.3,13251.5,18557.1,1616.8,1265.3,,15435.3,1683.9,1422.6,912.4,30686.9,626,14.6,192.8,165.4,152017.2,10019.9,747.4,12561.5,70637.7,58076.2,2101.5,43.7,34.7,6912.3,13.2,79.4,0.7,32905.5,14.5,1347945.2,554.6,1369.8,2013.6,4340.1,2406.4,1201.3,33,1410.4,497,1795.3,81625.8,393281.5,311655.6,22926.5,296.7,491.4,3301.1,,320.9,13541.3,9226.8,52.2,37305,18469.6,443.4,10968.6,1447.9,1,9473.2,1638.8,1394.4,214.7,5735.8,4601.8,3646574.4
035,259718.8,152449.6,48.4,284540.3,390121.5,16129.5,46152.9,1837.7,5946.5,7.8,28536,9723.9,3443.6,1423.2,35019,694.2,218.8,166.1,49.1,144059.8,10864.2,127.7,9214.5,74977.2,65762.6,3028,18,6.3,4694.3,3.6,73.4,50.8,12339.6,34.3,1564719.9,809.3,2228.7,3752,5043.2,1261.5,2772.1,1,2291.6,239.7,1310,97233.2,503258.9,406025.7,40409.4,85.3,6.9,2322.2,,132.3,20325,11993.2,1842,32013.8,19820.4,1013.8,8804.3,1480.4,1.2,12356,1540.3,1222.3,5835.4,7859.5,5178.8,4326670.5
036,3029.5,41.4,9.9,1774.6,1308.2,157.4,,3.2,0.1,,,141.1,43.4,6,388.8,,0.4,5,,1009.9,32.7,,,267.3,267.3,,,,4.3,,,,13.5,,8684.5,,,17.5,25,,,,4,12.9,,619.4,1784.7,1165.2,129.9,1.8,,129.5,,,214.3,82.1,,1107.1,83.2,,147.1,,,220.6,53.7,,,0.8,26.3,23013.6
037,182499.2,44634.1,154.6,354327.6,419200.7,15315.7,12041.6,1576.6,1836.3,14.1,13371.6,3169.6,1444.6,844.1,36686.3,168.2,156.6,1405.1,181.3,106178.7,3280.3,56.1,13431.1,53693.7,40262.4,3676.5,261.2,28.4,8120.4,32.4,41.4,12.8,1002.2,21.6,1215492.4,1048.9,2680.4,4566.4,3373.8,3338.9,3209.8,157.8,2239.7,1766.8,854.6,77970.3,412472.9,334503.3,25710.9,68.6,480.1,2758.2,0.7,93.6,15445.3,11195.9,100.3,29105.6,20273.3,340.9,8420.4,1688.5,23.7,11585.5,1605,768.8,11808.2,17976.5,4472,3546725.1
039,247495.2,11993.2,930.9,218016.9,252699,21477.1,11912.4,1516.9,3450.9,,15764.7,1621.9,9264.8,514.9,31524.9,251.3,673.7,6138.6,92.4,132609.2,2894.3,410.3,11627.9,59224.3,47596.4,6212.5,5.1,408.2,16034.9,355.2,4374.5,38.4,1322.8,6.9,1399260.2,757.4,5084.5,5687.6,9808.4,2079.5,1649.9,48.2,4046.1,961.1,23617.8,75900.8,329634.5,253733.5,30047.6,1471.8,7286.9,5258.1,6.6,335.7,22353.3,13757.8,6871.1,21068.5,18085.5,385,11579.5,985.8,35,6801.2,1121.2,821.3,10877.9,16541.4,6789.5,3413210.8
041,345400.8,142932.9,82.8,345248.6,524604.8,16239,8046.1,2217.6,3148,0.3,48978.7,2889.6,3298.2,1157.8,45760.8,430.3,26.5,265.2,1781.1,225343.6,6698.3,388.1,11361.6,88682.3,77320.7,6974.6,86.5,47.2,8068.3,75.4,324.5,5.5,11728.1,21.3,1918453.9,1126,4577.3,3361.6,5657.2,2403.3,973.7,46.2,3657.7,758.1,1751.2,84121.3,497473.5,413352.2,26197.4,50,76.8,3541.4,,704.3,19937.7,16138,467.6,34000.4,21083.1,1762.5,11470.4,1537.9,1.4,7355.6,1546,783.8,1896.2,5757.9,6325.2,5027981.9
043,220384.2,52805.7,205.1,285206,256095.2,10928,9170,1426.3,5246.5,268.7,36496.5,3165.4,1120,662.7,28852.9,491,273,258.7,36.1,106842.2,3445.1,223.1,11120.5,53049,41928.5,3606,30.3,10.7,6123.6,1338.3,97.1,53.9,14025.4,20.2,1057157.5,296.7,6436.3,2841.1,2839.9,2036.1,1407.8,32.9,1906.2,809.8,501.2,48215,277596,229381.7,21375.9,62.1,127.6,2147.1,,3.2,23748.8,10071.7,1497.5,26081.9,17478.8,548.4,6634.5,1341.9,7.1,5550.7,913.5,987.7,520.7,18083.5,2435.2,2926081.9
045,225402.5,30726.3,77.5,426652.8,450595.2,11616.7,9019.7,1236.4,2870,,18939.6,2731.5,1082.1,768.5,42667.6,58.9,122,696.1,128.3,202622.4,3057,161.1,16286.3,95556.7,79270.6,7360,0.6,41.3,10776.8,3.6,83.7,13.5,2998.7,6.7,1429825.6,284.2,4152.2,3393.4,3643.3,2348.7,9417.1,26.9,1807.6,18381.6,1560.6,79141.3,460647,381506.6,33963.3,218.2,40.6,4218.3,,64.6,10920,12992.1,1495.8,36596.5,28865.1,353,8920.4,2081.9,109.9,8237.2,1615.3,1165.8,621.3,7849.1,7027.5,4207122.7
047,269229.8,75588,3000.5,346502.7,498720.6,30387.9,7509.2,3105.6,5303.6,0.3,11905.6,4924.1,7021.5,1129.4,71074,801.1,732.7,5482.4,670,150840.7,2223.7,1143.2,19630.5,90648.4,71017.7,9173.9,46.8,36.8,16700.7,8689.2,3804,17,9972.2,11.9,1691192.6,145.6,7137.9,3496.5,7897.5,2487.3,8020.2,12.3,4040.5,12051.8,16114,78068.3,549864.6,471796,26066.9,460.7,7081.3,3958.2,3.3,706.5,30678.7,15910.4,4607.8,45443.3,21171.2,1045,20487.3,1930.6,39.9,11153.2,1764,1991.6,1058.5,18174.1,11337.4,4804440.7
049,251482.6,20626.3,302.8,317555,308192.1,10092.2,13822.2,1312.7,3758.5,2581.5,37725.6,2636.3,678.7,618.6,44202.2,362.1,2345.3,292.3,506,149972.3,5849.9,1418.3,14603.3,62051.2,47447.8,3574.7,1.3,72.5,17427.6,107.9,56.1,38.4,1349.4,14.5,1393350.6,296.5,11651.3,3017.3,7248.6,2189.7,4975.1,1079.1,1339.2,5955.5,2606.8,58110.9,291932.5,233821,31451.8,26.2,688,2711.2,,51,10866.5,15029.5,2203,20430.4,19398.6,295.7,10687.5,1282.6,1.2,7568.3,869.6,1111.2,,50573.5,5488.7,3521386.8
051,259672.1,27429,68.5,274934.6,290027.6,12309,7318.4,1455.8,4779.5,4530.6,24966.3,3138.3,1140.8,572.5,54004.1,237.2,3589.5,278.9,656.8,166880,3940.9,2470.4,12665.1,76304.4,63639.5,3743.5,22.6,122,26320.1,67.5,18.3,55.9,5189.7,20.2,1413621.7,209.9,8225.1,2507.8,7194.8,2058.1,2271.9,25.9,1883.9,1135.6,4175.9,66994,321351.1,254357.2,30017.7,51.4,1067.7,3094.6,,1235,10362.8,14796.4,2273.8,24714.4,21323,749.7,8975.9,568.3,,5470.2,1260.4,2150.1,,29095.5,4525.7,3580315.1
053,308559.4,75742.5,1941.7,279274.7,296899.9,20881.9,15350.7,2372.8,16335.4,47.7,11776.6,2893.2,3660.5,1017.3,33021.7,3434.3,3428.6,7088.3,36.3,126441.6,4315.8,814.2,7079.3,53516.1,46436.8,4266.6,5471.5,1826,8203.6,132.8,761.1,41.5,10366,2398,1272120.5,1084.7,2381.1,4396.2,12644.4,2858.8,16766.8,7.4,1856.8,43927.4,5604.8,73911.4,355710.4,281799.5,22907.7,2294.5,2656.7,14803.4,420.5,656.1,22011.4,18655.5,1951.6,24624.1,14372.9,2165.2,16636.8,772.5,1.3,5121.8,1173.6,5247.8,13575.6,7810.7,9029.4,3617793.7
055,275990.6,14011,331.6,342910.1,419560.7,13438.3,20658.8,1377.8,5352.4,2814.5,42993,6120.1,892.4,479.5,74089.8,163.5,2385.1,2781,91.7,170545.1,1996.8,1284.9,7672.3,34525.5,26853.3,4116.1,235.4,96.6,22069.3,0.9,106.3,24.3,1357.2,14.1,1763681,809.2,8168.2,3117.7,3742.9,1333,1569.8,34.1,1897.1,2243.9,2573.8,68692.1,348349.6,279658.2,19630.3,448.9,1102.1,2439.5,,2099.9,32720,14157.7,570.1,12767.3,15075,502,13204,836.7,18.4,3155,824.9,1558.7,32504.8,21605.4,5910.1,4164341.4
057,238193.4,23217.9,51.5,278107.4,367927.6,6571.9,10158,1203.2,4990.5,290.8,23385.7,1801,1330.5,517.3,42211.3,171,184.2,607.9,1209.3,175032.6,5388.7,268.5,8550.6,55467.7,46917,7322.9,107,197.5,6112.8,10.6,44.8,53.8,2715.9,26.8,1106355.2,218,4369.3,3172.4,3683.4,2577,999.5,39.3,999.8,2655.1,938.5,92027.2,315230.1,223202.9,26063.9,32.9,138.7,2300.1,,1860.9,11412.4,9856.2,1654.2,12878.3,11318.6,579.5,7340.4,737.3,35.8,3649.2,680.4,806.3,,7434.9,5165.9,3170761.2
059,179097.4,97336.2,265.7,213764.7,294632.6,10655.4,6241.5,1959.1,2115.6,,33759.2,2542.5,556.8,902.2,22276.8,40.5,464,97.7,69.8,111342.9,1383.8,210.5,6586.4,38133.4,31547.1,5046.2,2.6,21.1,3533.4,64.6,143.2,43.5,605.9,5,1377495.9,45.1,1698.5,1885.6,2941.7,1858.5,1904.6,54.9,1090.6,1842.4,387.4,47420.2,299915.6,252495.5,36496.2,71.3,179.1,1970.1,18.9,199.8,19246.7,7694.9,1707.9,12785,23061.7,86.3,9286.2,1318.9,66,4697.8,1264.8,752.8,,8648,3165.4,3189201.6
061,224874.7,46329.1,99.2,269797.5,291423.3,8508,5065.5,1114.5,2352.5,2012.6,30370.7,4168,1031.2,1020.4,46303.5,325.7,2156,293.8,123.8,128048.9,11420.9,1454,9834.8,55532.6,45697.8,5601.6,1,109.3,21267.7,13.1,13.8,3.9,4299,16.4,1199555,557.3,4173.1,2049.2,5339.7,1387.8,3380.5,29.2,1530,2053.8,3081.5,67783.3,281461,213678.2,18665.9,49.7,590.3,2787.6,,1358.9,9493.4,15018.7,295.5,22682,11462.3,2006.2,9691.9,739.9,1.4,9323.7,1660.6,1454.1,1113.4,15721.3,3478.9,3134340.1
063,269733,19532.4,368.9,410903,552480.4,12500,42951.2,2063,5844.6,,31889.9,3923.5,1618.9,487.2,42516.2,104.2,61,1097.3,16.5,170569.6,11755.3,411.7,13005.5,109792.7,96787,11130.4,139.3,4.5,8991.2,18.9,28.4,19.7,3150.2,89,1521099.3,754.2,2040.5,2970,3335.2,2535.2,115.4,26.2,2567.5,810.9,761.9,109738,409966.7,300228.9,32039.6,107.4,69.6,2933.1,,844.7,13493.9,13572.3,758.4,18181.2,19990.1,163.4,17604.5,2076.1,1.2,11254.4,1605.5,974.7,3369.2,16463.6,4047.7,4340485.1
065,311356.2,95154.4,163.4,413357.7,408506.5,11990.4,7640.5,1694.5,4075.1,2.9,19539.3,6756.5,4237.7,1024.2,27445.1,132.6,301.9,111.3,416.3,164859.2,9452.7,79.8,9191.2,78649.2,69457.7,9477.5,233.8,145.9,12140,32.1,413.9,72,11894.9,180.4,1501781,790.4,2771.5,2480,12701.1,2687.3,2992.1,9.4,2076.5,713.7,2122.4,101463.7,426426.9,324963,31130.6,709,299.1,2991.6,7.1,1132.7,15168.6,12461.4,2317.3,19617.7,12511.4,1946.4,8017.1,1143.5,10.3,5160.1,1038,1075,863,30743.7,3961.8,4216471.2
067,232485.2,141318.7,143.8,439462.5,482384.8,22811.3,43279.2,2794.3,9400.7,,32129.5,3025,3536.7,1301.6,73782.3,738.9,281.7,1398,1617.3,153940.6,6031.8,343.5,12360.8,86160.3,73799.4,6688.4,816.4,77.6,11900,243.6,635.3,67.8,7906.9,14.4,1829556,1191,2001.9,6860,6932.8,4266.6,1389.2,216.6,2230.1,826.1,3863.3,86158.5,558290.6,472132.4,43752.5,664.6,3944.6,3322.5,11.1,658.2,29247.6,15089.1,4110,23500.6,21075.6,1354.1,15469,1762.8,1.2,19908.5,1897.2,1969.6,45322.2,9086.2,5827.9,5076768.5
069,229755.5,55209.5,1349.9,291913.3,354900.3,18271.4,25762.1,2005.8,5254.2,478.5,33295.6,18631.1,2550.9,602.4,63227.5,381.1,420.5,1101.1,212.3,238489.8,8125.2,501.2,8519,113265.7,104746.7,6334.4,360.2,58,27743.5,0.5,347.2,6.8,20275.7,101,1451687.2,693.3,4142.2,2931.3,6226.8,3567.4,1272.7,25.9,1221,5404.6,2075.1,82164.2,366209,284044.3,30377.2,352.7,284.2,3499.7,6,1523.3,18928.1,16179.3,385.9,18263,16340.5,2726.4,17652.6,1133.4,,9708,1758.5,2787.5,7195.7,6824.1,6492.4,4008281.4
071,307652.9,61200.3,1236.8,235889.3,357724.7,15062.2,8387.3,2857.4,4926.2,417.1,48442.5,5189.3,1231.9,923.9,44776.4,607.9,1820,1054,703.6,184012.9,5459.1,666.6,7134.2,52316.1,45182.2,5650,69.2,483,14757.6,1081.5,531,360.4,7079.6,97.8,1557428.7,505.6,3624.6,2725.9,5080.6,2347.8,872.7,66.1,1952.4,16081.4,1895.8,77416.2,377542.1,300126,22374.9,269.8,521.3,2180.6,75.3,1362.2,21205.6,11640.1,1094,19318.4,12682.7,867,14320.3,685.8,62.8,4633.5,994.3,1160.7,,11379.4,5067.3,3904546.8
073,272498.9,51924.6,566.8,331281.2,322016.6,12971.6,9525.4,1266.8,4849,70.1,18049.7,5881.5,2501.5,538,31862.6,76.8,664.2,4157.2,628.4,155371.9,1788.3,60.8,19304.5,93040.2,73735.6,2493.2,810.2,192.2,3431.2,12.1,74.4,7.6,7804.9,32.9,1454328.8,711.1,1301.3,3137.3,3883.4,2415.3,1400.6,43.8,1971.9,860.1,876.6,61377.1,332722.7,271345.9,21798.6,304,286.4,3132.5,89.4,252.6,10237.3,12387.4,1091.3,25038.1,22789.4,507.1,7323.7,1745.8,43,12172.8,786.8,859,811.4,11809.1,3616.5,3702949
075,365044.8,21192.5,71.3,338163.9,457173.1,17367.4,8013.3,2444.8,20249.2,7.8,70543.8,3876.4,1026.6,796.8,35459.4,661.1,240.6,869.7,1851.6,236570.5,10567,368.1,17183,77439.4,60256.6,15479.5,300.6,71.4,16907.9,0,98.3,10.6,19191.5,31.5,2021192.5,673.5,3374.1,4694.5,4781.1,4926.8,2722.7,11.2,2255.2,2220.1,1056.7,100947.9,410580.8,309632.9,34081.8,45.6,3.4,3333.4,,893,42564.1,15524.5,543.6,34799.5,16168.9,768.8,13551.4,1114.2,10.7,6786.7,1140.7,1232.9,33089.8,7241,5780.8,4887274.8
077,191718.3,79977.9,8050.3,309591,340623.4,22505.4,9752.5,2130.6,15064.2,0.4,16031.2,13701.9,9744.5,863.5,74435.2,233.8,344.2,3390,1516.5,127908.6,11812.5,434.9,9138.4,96112.8,86974.4,8725.8,57.7,125.2,15883.4,50.6,2288.8,112.9,16640.1,38.7,1498848.8,620.4,5503.2,2668.4,16644.8,2083.8,6673.3,39.3,2012.3,5989.1,18133.5,111849.5,502492.4,390643.3,41538.7,2907.7,12617.1,3000.6,40.9,262.1,20441.2,18367.2,5506.4,33199.3,29099.6,876.6,11685.1,1073.2,26,10982.8,2058,3087.7,1668.7,37600.2,11000.9,4287221.7
078,0.6,,,38.1,3.5,1.6,,0.2,1.3,,,,0.5,,2.4,,,,,0.3,,,,7.9,7.9,,,,,,,,,,34.9,0.3,,,,,,,0.2,,,5.8,14.9,9.1,0.7,,,1.1,,,0.4,2.5,,2.8,,,0.1,0.6,,2.6,,0.7,,,0.5,141.5
079,168489.1,104598.7,404.2,298321.5,381384.9,19748,12336.9,2857.8,4600.4,,19139,1140.8,2757.5,837.2,35469.7,199.1,1096.4,2373.8,246.7,185244.8,5935.4,519.4,14194.1,66023.3,51829.4,3213.7,843.8,54.9,10376.3,149.8,369,,6886.9,42.2,1368067.1,267.6,987.7,2719.3,9240.6,2284,10742.2,72.2,1713.3,15266.8,2388.6,77316,401670.1,324354.6,18805.4,1159.1,1574.6,2668.6,25.4,661.1,17509,10547.4,772.1,28018.8,15048.1,1522.5,18851.1,504.2,0.9,5879.9,1413,1991.7,2972.3,7752.9,6156.9,3762609.8
081,221185.9,15767.7,1341.7,368162,381447.9,10872.4,5574.3,2033.8,2416.7,271.1,6619.4,1873.8,2447.1,605.2,44291.3,442.8,1014.4,8021.1,404.8,122247.1,4527.8,501.7,9532.5,54592.8,45060.4,2738.7,1.1,1996.7,10563.2,,0.1,29.1,4306.8,22.6,1007906.6,172.2,3567.4,2066.6,2741,1969.8,9105.6,0.9,997.2,4219.6,1851.3,68885.8,361039.8,292153.8,23291.6,32.6,232.3,2119.6,,976.2,9418.4,12257.6,3732.9,25446.3,22629.8,536.1,8547.4,1393.7,61,7853.6,1036.3,1662.2,,23565.8,4235,3236620
083,311634.2,119662.9,972,472225.4,413348.3,18589.3,11643.6,2117.4,5841.3,88.1,21529.6,2224.1,5911.4,1353,41861,541.7,2091.6,3616.2,1779.9,207733.5,14483.7,442,20681.2,95311.2,74630.1,4182.5,1891.5,192.3,8373.4,88.5,439.8,22.5,17372.3,66.8,1788825.1,916.9,6572.4,3997.3,17990.9,4744.8,22877.4,10.4,3006,4692.2,3073.1,130738.9,510356.6,379618.1,37576.9,976.7,1444.2,6435.6,183.3,984.4,24671.1,13884.5,2467.6,34876.7,19211.9,2644,16107,1335.1,57.2,10283.4,2083.1,1948,2358.2,13264,8642.6,4961797.9
085,188120.2,36042.2,103.1,239818.8,329122,12587.4,7609,1240.9,5110.9,963.8,12043,4861.6,1193.5,722.2,33484.9,156.7,869,270.3,90.3,100161.1,2642.9,745.4,12421.5,59512,47090.4,3996.1,190.1,43.6,7223.3,95.9,16.8,29.8,1640.2,3.9,1064092.5,954.8,2806.4,2926.9,3271.7,1556.7,1236.1,37.2,1229,1392.4,1942.4,67105.5,339192.9,272087.3,14624.1,123,318.4,3439.5,,80.5,13868.6,7296.9,345.8,14888.7,12573.4,194.2,5361.8,1140.6,3.1,9348,977.3,835.4,10111.6,8932.3,3477.2,2977995
086,1054.4,,,,953.6,76.3,,124.9,,260.4,,42.6,541.4,,3480.5,,337.6,932.6,1.4,92.1,,116.1,,,,,,333.2,979.2,,,21.4,,,9266.6,0,326.1,,109.1,,2200.5,,27.3,4714.2,326,,2208.4,2208.4,999.3,,60.6,,,,,1109,573.1,0,,2.6,0.6,,,0.4,,125.8,,744.1,0,34349.8
087,224025.5,33862.4,283.2,152412.4,298432.6,8047.1,6422.6,1633.7,2099.2,,12946.1,1361.9,1995.3,519.4,25647.8,81.5,89.4,1128.3,59.5,139251.2,10893.4,218.4,7413.1,60235.4,52822.2,5093.9,60.9,14.8,8640.7,,63.6,,2030.4,33.1,990937.4,273.5,1355.2,1403.6,3688.6,1588.9,3969,0.8,1117.8,3501.2,469,60935.9,264373,203436.9,12597,221.5,0.8,2344.1,193,80.2,5667.1,8106,355.3,8921.4,12186.3,529.1,9741.6,725.4,67.8,11652.9,1041.2,1255.9,,13519.3,2241.7,2686317.4
089,176025.7,66466.3,441.8,266543.4,255628.2,9026.7,7815.6,1116.5,1782.5,,40534.1,5613.7,1068.7,739.8,34695.9,348,182.6,969.6,167.1,144456.5,1905.2,414.3,7181.8,62364.6,55182.8,2329.4,9,493.8,10400.7,,49.2,0,5048.3,22.8,1196711.9,359.2,1198,2720.3,2900.4,1091.5,1320.3,1.8,2557.4,427.6,755.4,58438.2,247040.9,188602.5,11432,176.2,0.5,1962.7,,714.6,14473.9,10948.4,77.1,11324,15700.9,557.2,14712,1037.7,6.8,10223.4,1165.6,1973.7,,21745.2,5657.6,2987039.5
091,207675.8,26600.9,71.1,345703.3,260654.3,10246.6,26860.7,916.9,5063.3,,33641.3,3760.4,1065.9,326.1,21812.6,45.3,5.8,94.4,8.9,101777.5,4940,95.5,16098.1,73685.4,57587.3,716.5,0.3,38.9,4871.8,,,,10858.7,19.1,1168804.9,374,224.9,2914.3,3172.2,2229.2,512.9,0.8,2195.2,311.5,682.5,48119.7,342690.4,294571.1,23887.2,36.7,0.7,2942.2,,16.4,14479.8,11322.8,20.2,25394.1,18778.1,92,11332.5,1943.3,64.1,8896.3,1214.2,912.7,85,6063.5,5104.3,3214632.4
093,239673.5,131767.6,112.7,398598.1,314229,24870,19353.4,1680.7,5032.4,282.9,16892.2,2780.2,2028.3,567.1,50441.4,336.9,239.4,459.7,37.8,159194.6,29114.2,492.1,7177.7,97417.2,90239.6,4148.3,2.7,17.2,22101.6,,87,21.4,20605.2,10.4,1555272.9,453.4,11701.3,4271.4,6213,1669.2,4072.3,2.9,2491.5,1624.5,1844.8,98654.7,407090.9,308436.6,29423,187.4,65.6,2600.4,,1177.1,22422,9881.9,236.1,14137.5,20328.4,4020.1,15541.2,1269.3,,6368.9,1549.4,1255.1,27865.1,18009.5,4036.3,4224186.2
095,254402.6,73236,120.8,235427.7,420531.7,15795.3,12611.5,1492.5,1380,205.2,25972.2,4848.7,2646.5,964.2,32499.7,197,115.7,1244.4,135.3,142514.4,6453.3,755.4,8320.9,70112.3,61791.3,6340.1,54.6,17.5,7052.6,,175.9,21.4,5616,9.3,1369725.6,739.2,3701.9,3708.4,5656.9,1713.1,2304.8,27,2285.6,3564.1,2899.4,102306.3,394088,291782.3,21852.2,154.2,100.2,2348.3,,383.8,17395.7,10215.1,359.7,7218.5,13734.5,562.9,11475.7,946.5,1.7,4813.6,925.4,1025.7,5768.4,2184.4,4965,3683996.1
097,242879.5,75931.6,627.2,230322.1,249945.1,14689.9,23121.8,1763.8,4313.6,309,12658.9,748.4,2925.3,583.9,23874.3,570.5,578.9,5014.8,258.3,112994.1,3735.3,325.9,6982,61318.2,54336.5,3362.3,2066.6,156,4182.1,,59.4,21.4,5656.9,15.1,992105.7,581.4,12381.5,3081.5,5476.8,1985,962.8,602.2,1106,3692.1,1247.6,69815.1,394978.4,325163.5,19061,615.6,114.3,2847.2,0,500.2,12375.1,10373.7,2013.2,14996,17920.8,408.1,11351,909.9,1.1,7153.6,1235.5,1117.5,5415.1,7042.1,5404.8,3080364.1
099,236057.9,88703.3,829.6,514771.2,412749.3,28675.7,52316.9,2681.7,6936.4,268.7,38874.5,4999.7,9504.4,571.9,63314.9,1372.7,839.6,5966.3,761.1,136865.3,8703.9,678.9,23613.7,90376.4,66762.6,6159.1,141.6,80.5,17445.3,98,3224,21.4,3114.6,63.2,1922651.9,413.9,2964.7,3680,7182.1,1793.5,9217.7,7.1,6041.7,39798.9,26193.7,72407.3,388158.6,315751.4,24207.5,445.6,6457.5,4171.2,185.5,705.3,22041.7,23444.9,5398.5,29193.3,25585.2,670.9,17875.6,1914.2,5,21146.5,1593.2,1878.7,815.8,4776.3,8361.7,4824680.9
Grand Total,22361443.9,5855133.4,66748.7,27712782.3,33663059.4,1301556.7,1058728.9,150928.9,372891.2,29089.9,1764890.8,369259.2,242672.3,75628.3,3357527.8,39341.4,56856.2,154645.7,41502,14907912.8,684357.2,48842.1,1123533.3,6589649.7,5466117.8,521047.7,25320.9,18826.8,1091980.6,22788.8,41882.6,7358.7,770116.2,5500.7,124827734.8,45941.9,295540.5,301684.2,639336.6,231569.6,373775.7,7464,180466,422563,363322.3,7303987.6,34935166.4,27631187.5,2247837.5,32632.4,113248.3,307631.7,1866.3,68197.4,1412705.8,1027809.2,122548.6,2232743.6,1532374.8,91034.5,892076.7,112394.9,1932.1,768589.7,108574.2,145243.1,780582.2,1039730.6,471080.4,341070497